date,compound_score,positive_score,neutral_score,negative_score
2019-06-29,-0.0077,0.0396,0.8902,0.0702
2019-06-30,-0.13816,0.0594,0.8018,0.1388
2019-07-01,0.23546,0.22,0.7442,0.0358
2019-07-02,-0.01418,0.0462,0.916,0.0378
2019-07-03,0.17574,0.1238,0.8278,0.0484
2019-07-04,-0.03444,0.0826,0.7394,0.1784
2019-07-05,-0.04838,0.1128,0.7008,0.1866
2019-07-06,-0.0843,0,0.9356,0.0644
2019-07-07,-0.00234,0.021,0.9472,0.0316
2019-07-08,0.23902,0.201,0.728,0.071
2019-07-09,-0.15084,0.114,0.6642,0.2218
2019-07-10,0.09878,0.0422,0.9578,0
2019-07-11,0.13832,0.087,0.877,0.036
2019-07-12,0.10424,0.1308,0.7732,0.0958
2019-07-13,0.07604,0.1574,0.7396,0.103
2019-07-14,-0.11438,0,0.9528,0.0472
2019-07-15,0.1895,0.1954,0.681,0.1234
2019-07-16,0.09512,0.1254,0.7714,0.103
2019-07-17,0.04832,0.0888,0.8474,0.0636
2019-07-18,0.08294,0.1362,0.7838,0.08
2019-07-19,-0.13694,0.1224,0.6278,0.2496
2019-07-20,-0.00486,0.0936,0.7844,0.122
2019-07-21,-0.20386,0.038,0.8362,0.1258
2019-07-22,0.17748,0.1032,0.8502,0.0468
2019-07-23,-0.02054,0.0318,0.9304,0.0376
2019-07-24,0.38552,0.1764,0.8236,0
2019-07-25,0.01388,0.0846,0.8504,0.065
2019-07-26,0.21066,0.1806,0.7746,0.0448
2019-07-27,0.09034,0.1762,0.665,0.1586
2019-07-28,0.19172,0.1138,0.8634,0.0228
2019-07-29,-0.22162,0.081,0.7246,0.1944
2019-07-30,-0.4455,0,0.6272,0.3728
2019-07-31,0.33932,0.2418,0.7194,0.0388
2019-08-01,-0.268,0.0204,0.816,0.1636
2019-08-02,-0.1254,0.1256,0.6766,0.1978
2019-08-03,-0.24648,0.0772,0.691,0.232
2019-08-04,-0.32696,0.0182,0.792,0.1896
2019-08-05,0.32174,0.2488,0.6594,0.0918
2019-08-06,-0.42024,0.0724,0.6536,0.274
2019-08-07,0.01856,0.0462,0.9026,0.0512
2019-08-08,-0.034,0.1036,0.7812,0.1152
2019-08-09,0.18786,0.163,0.7566,0.0806
2019-08-10,0.05296,0.0806,0.8324,0.087
2019-08-11,0.11842,0.0606,0.9154,0.024
2019-08-12,-0.05696,0.1242,0.6914,0.1848
2019-08-13,0.30528,0.2086,0.7472,0.044
2019-08-14,-0.22408,0.064,0.81,0.126
2019-08-15,0.61812,0.368,0.632,0
2019-08-16,-0.2919,0.0756,0.721,0.2032
2019-08-17,-0.1091,0.027,0.9126,0.0604
2019-08-18,0.01616,0.1046,0.8246,0.0708
2019-08-19,-0.21428,0.1764,0.5402,0.2834
2019-08-20,-0.03986,0.1378,0.693,0.1694
2019-08-21,0.15298,0.1512,0.7538,0.095
2019-08-22,-0.06356,0.0296,0.9164,0.054
2019-08-23,-0.11894,0.116,0.7348,0.1492
2019-08-24,0.06698,0.1086,0.7848,0.1066
2019-08-25,0.2688,0.1734,0.7772,0.0494
2019-08-26,-0.15668,0.0904,0.7844,0.1252
2019-08-27,-0.50556,0,0.6866,0.3134
2019-08-28,-0.061,0.0394,0.8866,0.0742
2019-08-29,-0.0985,0.0772,0.8528,0.07
2019-08-30,0.2146,0.155,0.7322,0.1126
2019-08-31,-0.1714,0.0734,0.7878,0.1388
2019-09-01,-0.15044,0.0996,0.7368,0.1636
2019-09-02,0.06528,0.177,0.7074,0.1156
2019-09-03,-0.21636,0,0.8956,0.1044
2019-09-04,-0.20236,0.0298,0.8222,0.148
2019-09-05,0.21732,0.0776,0.9224,0
2019-09-06,0.12366,0.0844,0.9156,0
2019-09-07,-0.0286,0.086,0.8624,0.0516
2019-09-08,-0.17442,0.073,0.7808,0.1462
2019-09-09,0.17116,0.0856,0.9144,0
2019-09-10,0.077,0.1162,0.798,0.0858
2019-09-11,0.05698,0.0796,0.8562,0.0642
2019-09-12,0.23234,0.1684,0.8316,0
2019-09-13,0.27656,0.1462,0.8538,0
2019-09-14,0.23564,0.141,0.859,0
2019-09-15,0.1341,0.0758,0.9242,0
2019-09-16,0.36634,0.2114,0.7674,0.0212
2019-09-17,-0.15566,0.0478,0.8022,0.15
2019-09-18,0.17504,0.2386,0.6944,0.067
2019-09-19,0.06616,0.0352,0.9296,0.0352
2019-09-20,0.22876,0.1232,0.8768,0
2019-09-21,0.23202,0.1254,0.8746,0
2019-09-22,0.2354,0.1212,0.8788,0
2019-09-23,-0.04746,0.027,0.9418,0.0312
2019-09-24,-0.2153,0.0178,0.8794,0.1028
2019-09-25,0.19648,0.17,0.7822,0.0478
2019-09-26,-0.2846,0,0.8492,0.1508
2019-09-27,0.23662,0.1142,0.8858,0
2019-09-28,0.11054,0.1352,0.7892,0.0756
2019-09-29,-0.0379,0.022,0.926,0.052
2019-09-30,0.47742,0.28,0.72,0
2019-10-01,0.0592,0.031,0.969,0
2019-10-02,0.02686,0.0468,0.9028,0.0504
2019-10-03,0.14198,0.188,0.7438,0.0682
2019-10-04,0.06656,0.1424,0.7414,0.1162
2019-10-05,0.3005,0.1588,0.8412,0
2019-10-06,-0.1085,0.0508,0.8312,0.118
2019-10-07,0.18612,0.088,0.912,0
2019-10-08,0.05974,0.0632,0.899,0.0378
2019-10-09,0.48,0.3108,0.6892,0
2019-10-10,0.3257,0.2022,0.7978,0
2019-10-11,-0.04152,0.0802,0.857,0.0628
2019-10-12,0.11872,0.098,0.8648,0.0374
2019-10-13,0.03992,0.067,0.887,0.0458
2019-10-14,0.34476,0.2778,0.65,0.0722
2019-10-15,0.33798,0.1886,0.782,0.0294
2019-10-16,0.17282,0.1302,0.8426,0.0272
2019-10-17,-0.22812,0.0694,0.7974,0.1334
2019-10-18,0.2065,0.1514,0.8228,0.0256
2019-10-19,0.25732,0.1326,0.8674,0
2019-10-20,0.0592,0.0366,0.9468,0.0166
2019-10-21,0.24432,0.1964,0.7658,0.0378
2019-10-22,-0.0401,0.079,0.78,0.141
2019-10-23,0.19056,0.1954,0.7176,0.087
2019-10-24,-0.20348,0.0354,0.8062,0.1584
2019-10-25,-0.1604,0,0.8806,0.1194
2019-10-26,0.10534,0.0572,0.9428,0
2019-10-27,0.14486,0.1588,0.7462,0.0952
2019-10-28,-0.08306,0.1146,0.7586,0.127
2019-10-29,-0.01274,0.0834,0.833,0.0834
2019-10-30,0.06536,0.1122,0.7638,0.1238
2019-10-31,-0.1954,0.033,0.786,0.181
2019-11-01,0.03086,0.06,0.917,0.023
2019-11-02,0.09176,0.0352,0.9648,0
2019-11-03,-0.27298,0.0304,0.753,0.2166
2019-11-04,0.07636,0.0688,0.9042,0.027
2019-11-05,0.18642,0.0674,0.9326,0
2019-11-06,0.09526,0.0856,0.8704,0.044
2019-11-07,0.20972,0.1196,0.8804,0
2019-11-08,0.12724,0.1294,0.8346,0.036
2019-11-09,0.19986,0.1638,0.7852,0.051
2019-11-10,0.1985,0.1538,0.8184,0.0278
2019-11-11,0.12274,0.1042,0.861,0.0348
2019-11-12,0.1908,0.1704,0.7882,0.0414
2019-11-13,0.19116,0.1462,0.8294,0.0244
2019-11-14,-0.02696,0.0674,0.8786,0.054
2019-11-15,0.32968,0.1764,0.8236,0
2019-11-16,0.1183,0.1062,0.8624,0.0312
2019-11-17,0.23164,0.1742,0.74,0.0856
2019-11-18,-0.08638,0.0962,0.7402,0.1638
2019-11-19,0.24714,0.1756,0.7562,0.0682
2019-11-20,-0.19472,0.023,0.8626,0.1144
2019-11-21,0.1258,0.0774,0.9226,0
2019-11-22,0.15518,0.1376,0.7542,0.108
2019-11-23,-0.01544,0.0318,0.9436,0.0246
2019-11-24,-0.12674,0.0306,0.874,0.0954
2019-11-25,-0.11698,0.0504,0.8466,0.103
2019-11-26,0.40716,0.2276,0.7498,0.0226
2019-11-27,0.29212,0.2308,0.727,0.0422
2019-11-28,0.0804,0.0828,0.888,0.0292
2019-11-29,-0.43544,0,0.7834,0.2166
2019-11-30,0.28088,0.1606,0.7994,0.04
2019-12-01,0.11718,0.0346,0.9654,0
2019-12-02,0.14558,0.1486,0.7814,0.07
2019-12-03,0.09078,0.0838,0.8604,0.0558
2019-12-04,-0.04992,0.0698,0.8028,0.1274
2019-12-05,0.23426,0.1398,0.8602,0
2019-12-06,0.14182,0.084,0.89,0.026
2019-12-07,0.15798,0.0722,0.9278,0
2019-12-08,0.04214,0.0472,0.9128,0.04
2019-12-09,-0.18058,0.1066,0.668,0.2254
2019-12-10,-0.1123,0,0.9246,0.0754
2019-12-11,0.22056,0.103,0.8592,0.0378
2019-12-12,0.2629,0.188,0.7834,0.0286
2019-12-13,0.41374,0.2522,0.7098,0.038
2019-12-14,0.09414,0.1432,0.7134,0.1432
2019-12-15,0.26288,0.161,0.7834,0.0556
2019-12-16,0.24662,0.104,0.896,0
2019-12-17,0.37872,0.2666,0.6702,0.0632
2019-12-18,0.06364,0.0346,0.9654,0
2019-12-19,0.41462,0.276,0.724,0
2019-12-20,0.20378,0.187,0.768,0.045
2019-12-21,0.13926,0.1168,0.8432,0.04
2019-12-22,0.2009,0.1096,0.8904,0
2019-12-23,0.3488,0.2008,0.7992,0
2019-12-24,0.22848,0.127,0.873,0
2019-12-25,0.15414,0.1788,0.7904,0.0308
2019-12-26,-0.13904,0.0692,0.7766,0.1542
2019-12-27,0.0525,0.0788,0.8646,0.0566
2019-12-28,-0.10076,0.0268,0.9,0.0732
2019-12-29,0.08478,0.0764,0.8824,0.0412
2019-12-30,0.16778,0.1252,0.8516,0.0232
2019-12-31,0.23308,0.1558,0.8008,0.0434
2020-01-01,0.11176,0.1676,0.74,0.0924
2020-01-02,0.16612,0.0686,0.9152,0.0162
2020-01-03,0.0592,0.0846,0.9154,0
2020-01-04,-0.05464,0,0.9754,0.0246
2020-01-05,-0.0237,0.0572,0.8658,0.077
2020-01-06,0.05828,0.1114,0.8074,0.0812
2020-01-07,-0.36836,0,0.8336,0.1664
2020-01-08,0.3288,0.1716,0.8284,0
2020-01-09,-0.384,0.0266,0.7912,0.1824
2020-01-10,0.37748,0.1824,0.8176,0
2020-01-11,-0.08292,0.0598,0.8374,0.1028
2020-01-12,0.08774,0.0982,0.8514,0.0504
2020-01-13,0.35022,0.2316,0.718,0.0504
2020-01-14,-0.09534,0.0504,0.8752,0.0744
2020-01-15,-0.07626,0.06,0.8666,0.0734
2020-01-16,0.16366,0.1082,0.8632,0.0286
2020-01-17,0.1827,0.0914,0.9086,0
2020-01-18,0.16648,0.1174,0.8606,0.022
2020-01-19,0.2123,0.104,0.8712,0.0248
2020-01-20,0.42214,0.193,0.807,0
2020-01-21,0.16422,0.0788,0.9212,0
2020-01-22,-0.04526,0,0.981,0.019
2020-01-23,0.2156,0.13,0.8172,0.0528
2020-01-24,-0.12162,0,0.9126,0.0874
2020-01-25,0.13018,0.118,0.8348,0.0472
2020-01-26,0.14826,0.1304,0.819,0.0506
2020-01-27,0.19914,0.1318,0.7864,0.0816
2020-01-28,-0.06846,0.1518,0.7708,0.0774
2020-01-29,0.16124,0.1334,0.8118,0.0548
2020-01-30,0.2887,0.1504,0.8496,0
2020-01-31,-0.04938,0.0854,0.8234,0.0912
2020-02-01,0.2534,0.236,0.6864,0.0776
2020-02-02,-0.07044,0.0904,0.7862,0.1234
2020-02-03,-0.07192,0.0348,0.9112,0.054
2020-02-04,0.09478,0.142,0.709,0.1486
2020-02-05,0.05998,0.0788,0.8908,0.0304
2020-02-06,0.2583,0.2164,0.6912,0.0924
2020-02-07,-0.12498,0.0442,0.8458,0.11
2020-02-08,0.28468,0.186,0.7842,0.0298
2020-02-09,-0.29532,0.0412,0.779,0.1798
2020-02-10,0.08024,0.0536,0.9166,0.03
2020-02-11,0.72078,0.4196,0.5804,0
2020-02-12,0.3194,0.2182,0.7436,0.0382
2020-02-13,0.1228,0.137,0.7684,0.0946
2020-02-14,0.50038,0.3336,0.6092,0.0572
2020-02-15,0.20682,0.0862,0.9138,0
2020-02-16,0.1801,0.088,0.912,0
2020-02-17,-0.08562,0.036,0.829,0.135
2020-02-18,0.061,0.1082,0.8226,0.0694
2020-02-19,-0.25886,0,0.8846,0.1154
2020-02-20,0.12498,0.0724,0.9276,0
2020-02-21,-0.24226,0.0396,0.7606,0.1998
2020-02-22,-0.2331,0.0294,0.8458,0.1248
2020-02-23,0.10632,0.0738,0.8914,0.0348
2020-02-24,0.16214,0.1368,0.773,0.0902
2020-02-25,-0.16934,0.0762,0.6954,0.2284
2020-02-26,-0.27484,0.018,0.8594,0.1228
2020-02-27,0.0256,0.1048,0.8126,0.0826
2020-02-28,0.06142,0.1262,0.7802,0.0936
2020-02-29,-0.14702,0.103,0.6298,0.267
2020-03-01,0.01132,0.0358,0.9294,0.0348
2020-03-02,-0.07648,0.0842,0.8076,0.1082
2020-03-03,0.06604,0.0602,0.9188,0.021
2020-03-04,-0.04752,0.0398,0.8528,0.1074
2020-03-05,0.08462,0.2188,0.576,0.205
2020-03-06,-0.0734,0.0532,0.826,0.1208
2020-03-07,-0.154,0.1076,0.6576,0.2348
2020-03-08,-0.00794,0.0382,0.924,0.0378
2020-03-09,0.05966,0.1906,0.6694,0.14
2020-03-10,-0.04176,0.0652,0.8252,0.1096
2020-03-11,-0.02532,0.14,0.78,0.0798
2020-03-12,-0.1718,0.0632,0.829,0.1078
2020-03-13,0.00546,0.1306,0.7568,0.1126
2020-03-14,-0.06714,0.0882,0.7812,0.1306
2020-03-15,-0.47426,0.0132,0.7512,0.2358
2020-03-16,-0.49438,0.0472,0.657,0.2958
2020-03-17,0.14734,0.1436,0.7836,0.0728
2020-03-18,-0.09608,0.1308,0.6858,0.1834
2020-03-19,-0.26712,0.053,0.7566,0.1904
2020-03-20,0.2924,0.155,0.845,0
2020-03-21,0.2268,0.1458,0.8292,0.025
2020-03-22,-0.2302,0.0764,0.75,0.1736
2020-03-23,-0.17948,0.109,0.7124,0.1786
2020-03-24,-0.25974,0.0672,0.697,0.2356
2020-03-25,-0.07446,0.026,0.9248,0.0492
2020-03-26,0.15484,0.0874,0.888,0.0246
2020-03-27,-0.04482,0.0298,0.895,0.0752
2020-03-28,0.12652,0.1594,0.7568,0.0838
2020-03-29,0.12228,0.1322,0.7664,0.1014
2020-03-30,-0.05464,0,0.981,0.019
2020-03-31,0.05346,0.1274,0.7582,0.1144
2020-04-01,0.08152,0.0716,0.9072,0.0212
2020-04-02,0.02502,0.096,0.8172,0.0868
2020-04-03,-0.01008,0.047,0.9044,0.0486
2020-04-04,0.16806,0.1822,0.754,0.0638
2020-04-05,-0.17212,0.0588,0.819,0.1222
2020-04-06,0.30002,0.2114,0.7552,0.0334
2020-04-07,-0.02666,0.0422,0.8812,0.0766
2020-04-08,0.28374,0.149,0.851,0
2020-04-09,0.3734,0.1844,0.8156,0
2020-04-10,0.33756,0.1758,0.801,0.023
2020-04-11,0.18082,0.133,0.867,0
2020-04-12,0.46814,0.2302,0.7538,0.016
2020-04-13,-0.03276,0.0758,0.736,0.1882
2020-04-14,0.11282,0.0988,0.8314,0.0698
2020-04-15,0.08106,0.0796,0.8344,0.086
2020-04-16,-0.2479,0.039,0.8186,0.1424
2020-04-17,0.06622,0.1202,0.7658,0.114
2020-04-18,0.28796,0.1452,0.8548,0
2020-04-19,-0.06456,0.0572,0.8318,0.111
2020-04-20,0.02572,0.0568,0.8984,0.0448
2020-04-21,0.2614,0.1336,0.8664,0
2020-04-22,-0.16268,0.0796,0.79,0.1304
2020-04-23,-0.1134,0.1232,0.7506,0.1266
2020-04-24,-0.00436,0.0878,0.798,0.1142
2020-04-25,-0.32236,0.0354,0.7722,0.1924
2020-04-26,0.10352,0.1038,0.8632,0.033
2020-04-27,-0.13252,0.0686,0.7978,0.1334
2020-04-28,0.01476,0.102,0.8042,0.0936
2020-04-29,0.10296,0.1164,0.8076,0.076
2020-04-30,-0.22498,0,0.865,0.135
2020-05-01,0.24684,0.1936,0.704,0.1024
2020-05-02,0.11398,0.145,0.7972,0.0578
2020-05-03,0.076,0.1336,0.7802,0.0862
2020-05-04,0.0136,0.0716,0.8832,0.0452
2020-05-05,-0.0108,0.0818,0.8188,0.0994
2020-05-06,-0.25116,0.0946,0.6704,0.235
2020-05-07,0.08496,0.0988,0.8712,0.03
2020-05-08,0.16752,0.0936,0.884,0.0224
2020-05-09,0.05378,0.1536,0.757,0.0894
2020-05-10,-0.068,0.0396,0.8946,0.0656
2020-05-11,0.02174,0.0974,0.8328,0.0698
2020-05-12,-0.19122,0.0366,0.8232,0.1402
2020-05-13,0.26896,0.1882,0.7356,0.0762
2020-05-14,0.30534,0.1796,0.7906,0.0298
2020-05-15,-0.20844,0.1276,0.586,0.2862
2020-05-16,-0.26358,0.0226,0.8802,0.097
2020-05-17,-0.10358,0.0374,0.8828,0.0798
2020-05-18,-0.00484,0.0898,0.8108,0.0994
2020-05-19,-0.02038,0.045,0.8768,0.0782
2020-05-20,-0.04282,0.0898,0.7678,0.1424
2020-05-21,0.04764,0.0658,0.8904,0.0438
2020-05-22,-0.05212,0.0398,0.8558,0.1044
2020-05-23,-0.26344,0,0.8724,0.1276
2020-05-24,-0.2329,0,0.833,0.167
2020-05-25,-0.0484,0.1328,0.7312,0.136
2020-05-26,0.16826,0.1832,0.7726,0.0444
2020-05-27,0.2971,0.169,0.831,0
2020-05-28,-0.12008,0.035,0.8732,0.0918
2020-05-29,0.25108,0.1442,0.8558,0
2020-05-30,-0.01202,0.1702,0.672,0.1576
2020-05-31,-0.11344,0.0566,0.8572,0.0862
2020-06-01,0.16294,0.0742,0.9084,0.0176
2020-06-02,0.01168,0.0886,0.8278,0.0836
2020-06-03,0.28136,0.1926,0.7332,0.0742
2020-06-04,0.3016,0.207,0.793,0
2020-06-05,-0.305,0,0.852,0.148
2020-06-06,0.11148,0.053,0.947,0
2020-06-07,0.11718,0.098,0.902,0
2020-06-08,0.07436,0.235,0.674,0.091
2020-06-09,0.16262,0.1712,0.7916,0.0372
2020-06-10,0.07462,0.0706,0.907,0.0224
2020-06-11,0.15232,0.1482,0.7816,0.0702
2020-06-12,-0.02438,0.166,0.6698,0.164
2020-06-13,-0.0343,0.0636,0.8274,0.109
2020-06-14,0.32172,0.2278,0.7118,0.0604
2020-06-15,0.0702,0.1526,0.8094,0.038
2020-06-16,-0.16848,0,0.8846,0.1154
2020-06-17,0.0086,0.0834,0.8454,0.0714
2020-06-18,-0.18006,0.071,0.7612,0.1678
2020-06-19,-0.14572,0.0914,0.7634,0.1452
2020-06-20,0.30898,0.2362,0.6924,0.0714
2020-06-21,0.0969,0.0626,0.9374,0
2020-06-22,0.19212,0.1362,0.8128,0.051
2020-06-23,0.24782,0.1622,0.8378,0
2020-06-24,0.25444,0.1202,0.8798,0
2020-06-25,-0.1318,0.0578,0.8562,0.086
2020-06-26,0.36562,0.2024,0.7294,0.0682
2020-06-27,0.03724,0.0634,0.855,0.0816
2020-06-28,0.04526,0.099,0.8214,0.0798
2020-06-29,0.08038,0.0556,0.9444,0
2020-06-30,-0.03716,0.1062,0.7772,0.1166
2020-07-01,0.08376,0.0632,0.9092,0.0276
2020-07-02,-0.17584,0.0448,0.7812,0.174
2020-07-03,0.1971,0.0992,0.9008,0
2020-07-04,0.3241,0.1344,0.8656,0
2020-07-05,0,0,1,0
2020-07-06,0.2184,0.127,0.828,0.045
2020-07-07,-0.05464,0,0.9482,0.0518
2020-07-08,0.12084,0.0534,0.9466,0
2020-07-09,-0.06602,0.046,0.8496,0.1046
2020-07-10,-0.05776,0.0696,0.8446,0.0858
2020-07-11,0.11438,0.0632,0.9368,0
2020-07-12,0,0,1,0
2020-07-13,0.15132,0.1818,0.7546,0.0636
2020-07-14,0.32518,0.1912,0.7338,0.075
2020-07-15,0.26766,0.2072,0.7342,0.0588
2020-07-16,0.28448,0.158,0.8256,0.0164
2020-07-17,0.12318,0.156,0.7574,0.0866
2020-07-18,-0.0843,0,0.9718,0.0282
2020-07-19,0.10842,0.0896,0.8656,0.0448
2020-07-20,-0.04,0.1044,0.771,0.1246
2020-07-21,0.0359,0.0314,0.9066,0.062
2020-07-22,0,0,1,0
2020-07-23,0.11616,0.1354,0.7692,0.0954
2020-07-24,0,0.0646,0.8762,0.0592
2020-07-25,0.01628,0.0888,0.8352,0.076
2020-07-26,-0.09228,0.0376,0.9064,0.0562
2020-07-27,0.25226,0.0892,0.8984,0.0126
2020-07-28,0.26324,0.1924,0.791,0.0166
2020-07-29,0.05296,0.0664,0.8988,0.0348
2020-07-30,-0.42978,0.015,0.842,0.143
2020-07-31,0.03196,0.0526,0.8816,0.0658
2020-08-01,0.1358,0.1198,0.8396,0.0408
2020-08-02,-0.0422,0.0526,0.8792,0.0682
2020-08-03,0.2796,0.2002,0.7684,0.0316
2020-08-04,0.2676,0.1466,0.8534,0
2020-08-05,0.14538,0.0606,0.9394,0
2020-08-06,0.07636,0.049,0.951,0
2020-08-07,-0.15574,0.0322,0.849,0.1188
2020-08-08,0.20602,0.108,0.892,0
2020-08-09,0.09666,0.0848,0.8804,0.0348
2020-08-10,0.1357,0.102,0.8518,0.0462
2020-08-11,-0.008,0.0504,0.8778,0.0718
2020-08-12,-0.0209,0,0.988,0.012
2020-08-13,-0.16594,0.0472,0.8546,0.0982
2020-08-14,-0.35372,0.0564,0.7238,0.2198
2020-08-15,0.11206,0.1318,0.7898,0.0784
2020-08-16,-0.0251,0.0256,0.9306,0.0438
2020-08-17,-0.12474,0.1656,0.6958,0.1386
2020-08-18,0.15874,0.1802,0.7438,0.076
2020-08-19,0.1034,0.0768,0.8242,0.099
2020-08-20,-0.0912,0.0872,0.7898,0.1232
2020-08-21,0.05668,0.0912,0.7934,0.1152
2020-08-22,0.3277,0.1576,0.8212,0.0214
2020-08-23,-0.08876,0.0766,0.8476,0.0758
2020-08-24,-0.20084,0.0482,0.8362,0.1156
2020-08-25,0.1354,0.1006,0.8674,0.032
2020-08-26,-0.07008,0.0624,0.8718,0.0658
2020-08-27,0.02754,0.0312,0.9486,0.0202
2020-08-28,0.09864,0.1952,0.7306,0.074
2020-08-29,0.17924,0.0852,0.8756,0.0392
2020-08-30,0.22972,0.1358,0.8282,0.036
2020-08-31,-0.05932,0.038,0.9202,0.0418
2020-09-01,0.10438,0.1136,0.8152,0.0712
2020-09-02,0.23004,0.178,0.7826,0.0394
2020-09-03,0.02896,0.0682,0.7952,0.1368
2020-09-04,0.12972,0.0692,0.9308,0
2020-09-05,0.04566,0.0632,0.9368,0
2020-09-06,0.19058,0.0882,0.894,0.0176
2020-09-07,0.12246,0.1188,0.7796,0.1016
2020-09-08,0.09176,0.0462,0.9538,0
2020-09-09,0.26154,0.19,0.81,0
2020-09-10,0.32044,0.184,0.791,0.025
2020-09-11,0,0,1,0
2020-09-12,0.19114,0.116,0.884,0
2020-09-13,0.03558,0.0232,0.9768,0
2020-09-14,0.10602,0.0966,0.8736,0.0298
2020-09-15,0.12284,0.1382,0.7,0.1618
2020-09-16,-0.12972,0.0278,0.9048,0.0674
2020-09-17,0.22588,0.2488,0.6632,0.088
2020-09-18,-0.1202,0.1094,0.7948,0.0958
2020-09-19,0.14028,0.18,0.7462,0.0736
2020-09-20,0.14906,0.093,0.8824,0.0246
2020-09-21,-0.00726,0.039,0.9156,0.0454
2020-09-22,0.11954,0.1558,0.7434,0.1008
2020-09-23,-0.01286,0.1144,0.7908,0.0948
2020-09-24,0.29662,0.142,0.858,0
2020-09-25,-0.01602,0.0606,0.8506,0.0888
2020-09-26,0.29498,0.1956,0.7512,0.0532
2020-09-27,0.06068,0.0622,0.8678,0.07
2020-09-28,0.3133,0.171,0.808,0.0212
2020-09-29,0.3237,0.211,0.749,0.04
2020-09-30,0.12604,0.1212,0.8304,0.0484
2020-10-01,0.10156,0.1806,0.6874,0.1322
2020-10-02,0.06036,0.0932,0.8364,0.0706
2020-10-03,0.30616,0.1668,0.8076,0.0256
2020-10-04,0.06912,0.1584,0.7408,0.1008
2020-10-05,0.1862,0.211,0.7322,0.0568
2020-10-06,0.23278,0.105,0.895,0
2020-10-07,-0.19906,0.025,0.8726,0.1024
2020-10-08,0.37462,0.2208,0.7254,0.0538
2020-10-09,-0.14888,0.0238,0.8836,0.0926
2020-10-10,-0.09088,0.0548,0.8616,0.0836
2020-10-11,0.05168,0.0606,0.891,0.0482
2020-10-12,0.01838,0.1062,0.8106,0.0832
2020-10-13,0.05302,0.1192,0.7954,0.0854
2020-10-14,0.32672,0.2288,0.7712,0
2020-10-15,0.11438,0.054,0.946,0
2020-10-16,0.41542,0.1636,0.8364,0
2020-10-17,0.06364,0.0346,0.9654,0
2020-10-18,-0.12792,0.0766,0.799,0.1244
2020-10-19,-0.02036,0.0898,0.8062,0.104
2020-10-20,-0.05172,0.0838,0.8008,0.1152
2020-10-21,-0.10134,0.031,0.8376,0.1314
2020-10-22,0.10194,0.0942,0.8302,0.0756
2020-10-23,0.0763,0.1112,0.761,0.1278
2020-10-24,-0.07224,0,0.963,0.037
2020-10-25,-0.04822,0.1154,0.75,0.1346
2020-10-26,0.13192,0.0938,0.8756,0.0306
2020-10-27,0.15262,0.0972,0.9028,0
2020-10-28,0.41396,0.211,0.789,0
2020-10-29,0.14368,0.0444,0.9556,0
2020-10-30,-0.02118,0.0612,0.9082,0.0306
2020-10-31,0.06198,0.0458,0.8954,0.0588
2020-11-01,-0.23272,0,0.9052,0.0948
2020-11-02,-0.0814,0.0666,0.8042,0.1292
2020-11-03,-0.06074,0.0396,0.8808,0.0796
2020-11-04,0.33254,0.146,0.854,0
2020-11-05,-0.03838,0.1086,0.7744,0.117
2020-11-06,0.41804,0.2658,0.6906,0.0436
2020-11-07,-0.16244,0.056,0.8078,0.1362
2020-11-08,0.153,0.1226,0.8378,0.0396
2020-11-09,0.13334,0.0744,0.897,0.0288
2020-11-10,0.12564,0.1038,0.8476,0.0486
2020-11-11,0.15158,0.0788,0.9212,0
2020-11-12,0.03018,0.1592,0.6512,0.1898
2020-11-13,0.09266,0.0976,0.8464,0.0558
2020-11-14,0.09582,0.0782,0.9218,0
2020-11-15,0.01898,0.0386,0.9232,0.0382
2020-11-16,0.11518,0.061,0.8968,0.0422
2020-11-17,0.03842,0.065,0.9076,0.0274
2020-11-18,0.0088,0.0462,0.9204,0.0334
2020-11-19,0.31184,0.2498,0.6768,0.0732
2020-11-20,0.17194,0.113,0.887,0
2020-11-21,0.13556,0.0706,0.9294,0
2020-11-22,0.3639,0.1868,0.795,0.0182
2020-11-23,0,0,1,0
2020-11-24,0.33388,0.186,0.814,0
2020-11-25,0.02504,0.0946,0.827,0.0784
2020-11-26,0.51594,0.3702,0.5946,0.0352
2020-11-27,0.15484,0.1378,0.8416,0.0206
2020-11-28,0.2726,0.1972,0.7862,0.0168
2020-11-29,0.04772,0.0658,0.8984,0.0358
2020-11-30,-0.00828,0.0504,0.8894,0.0602
2020-12-01,-0.09534,0,0.9234,0.0766
2020-12-02,0.09794,0.1142,0.7994,0.0864
2020-12-03,0.09534,0.0474,0.9526,0
2020-12-04,0.05974,0.0342,0.928,0.0378
2020-12-05,0.03008,0.0376,0.9218,0.0406
2020-12-06,-0.15414,0,0.9,0.1
2020-12-07,0.0292,0.1166,0.8266,0.0566
2020-12-08,0.13944,0.1062,0.8652,0.0286
2020-12-09,0.02354,0.1532,0.6964,0.1504
2020-12-10,-0.03292,0.0632,0.8338,0.103
2020-12-11,-0.07584,0.0716,0.8672,0.0614
2020-12-12,0,0,1,0
2020-12-13,0.0721,0.066,0.934,0
2020-12-14,0.19184,0.1498,0.7576,0.0926
2020-12-15,0.07636,0.0296,0.9704,0
2020-12-16,0.29608,0.2306,0.6726,0.0972
2020-12-17,0.05,0.0308,0.9692,0
2020-12-18,0.00402,0.0228,0.9416,0.0356
2020-12-19,0.0592,0.031,0.969,0
2020-12-20,0.07602,0.0858,0.8844,0.0298
2020-12-21,-0.08302,0.071,0.8118,0.1172
2020-12-22,0.1127,0.0678,0.9322,0
2020-12-23,0.07304,0.1254,0.763,0.1116
2020-12-24,0,0,1,0
2020-12-25,0.16962,0.0958,0.9042,0
2020-12-26,0.09964,0.163,0.7824,0.0546
2020-12-27,-0.02966,0.0378,0.9324,0.0298
2020-12-28,0.10354,0.0802,0.8928,0.027
2020-12-29,0.13168,0.0842,0.8632,0.0526
2020-12-30,-0.04416,0.024,0.8942,0.0818
2020-12-31,0.10728,0.0994,0.8726,0.028
2021-01-01,0.29948,0.1516,0.8194,0.029
2021-01-02,0.18562,0.1174,0.8516,0.031
2021-01-03,0.2049,0.101,0.899,0
2021-01-04,0.20374,0.071,0.929,0
2021-01-05,0.39552,0.1872,0.7898,0.023
2021-01-06,-0.09,0.0292,0.9088,0.0622
2021-01-07,-0.26208,0.02,0.835,0.1452
2021-01-08,0.03676,0.1344,0.7844,0.0812
2021-01-09,0.13446,0.095,0.879,0.026
2021-01-10,0.01592,0.0684,0.8746,0.0568
2021-01-11,0.01262,0.176,0.694,0.1302
2021-01-12,-0.12498,0.0158,0.9302,0.054
2021-01-13,0.28292,0.2554,0.6886,0.056
2021-01-14,-0.10024,0.064,0.783,0.153
2021-01-15,0.08162,0.0838,0.8304,0.0856
2021-01-16,-0.05322,0.1226,0.7682,0.109
2021-01-17,0.03024,0.09,0.819,0.091
2021-01-18,-0.0439,0.0718,0.8392,0.089
2021-01-19,-0.00424,0.1494,0.7062,0.1444
2021-01-20,0.00472,0.1794,0.6382,0.1824
2021-01-21,-0.12738,0,0.9176,0.0824
2021-01-22,0.04934,0.0816,0.854,0.0644
2021-01-23,0.1467,0.1026,0.8974,0
2021-01-24,-0.09376,0.0814,0.8188,0.0998
2021-01-25,0.3213,0.2224,0.7342,0.0434
2021-01-26,-0.03574,0.0798,0.8284,0.0918
2021-01-27,-0.08154,0.1128,0.79,0.0972
2021-01-28,-0.0514,0.035,0.8518,0.1132
2021-01-29,-0.07006,0.0512,0.877,0.0718
2021-01-30,0.0231,0.115,0.7884,0.0966
2021-01-31,0.12524,0.1214,0.8122,0.0664
2021-02-01,-0.13138,0.049,0.8224,0.1286
2021-02-02,0.2093,0.171,0.7732,0.0558
2021-02-03,0.07568,0.1534,0.7814,0.0652
2021-02-04,-0.00938,0.1158,0.7512,0.1328
2021-02-05,-0.14194,0.0474,0.856,0.0966
2021-02-06,0.18234,0.1888,0.7118,0.0994
2021-02-07,0.15412,0.1468,0.7494,0.104
2021-02-08,-0.28492,0,0.8454,0.1546
2021-02-09,0.1914,0.1694,0.7678,0.0628
2021-02-10,0.0303,0.134,0.7706,0.0954
2021-02-11,-0.08808,0,0.9344,0.0656
2021-02-12,-0.21792,0.0676,0.7952,0.1372
2021-02-13,0.08856,0.1074,0.8062,0.0866
2021-02-14,-0.17602,0.0468,0.8484,0.1048
2021-02-15,0.28318,0.1588,0.789,0.0524
2021-02-16,0.2322,0.2378,0.7294,0.0328
2021-02-17,-0.03942,0.023,0.9274,0.0496
2021-02-18,-0.16708,0.1226,0.6952,0.1822
2021-02-19,-0.02534,0.057,0.8636,0.0794
2021-02-20,0.1464,0.0828,0.8858,0.0314
2021-02-21,-0.11144,0.0248,0.9138,0.0614
2021-02-22,0.3786,0.3048,0.5986,0.0964
2021-02-23,0.10848,0.1658,0.7372,0.097
2021-02-24,-0.06214,0.0758,0.8114,0.1128
2021-02-25,0.04016,0.1854,0.6686,0.146
2021-02-26,-0.02274,0.0582,0.844,0.0976
2021-02-27,0.0721,0.1328,0.792,0.0752
2021-02-28,0.40404,0.1734,0.8036,0.023
2021-03-01,0.30936,0.1734,0.7434,0.0834
2021-03-02,0.05618,0.0352,0.9444,0.0204
2021-03-03,0.18338,0.1754,0.7574,0.0672
2021-03-04,-0.1288,0.1692,0.6814,0.1496
2021-03-05,0.03804,0.0706,0.8682,0.0612
2021-03-06,-0.07936,0.0666,0.7876,0.1458
2021-03-07,0.1902,0.1036,0.8768,0.0198
2021-03-08,-0.02944,0.0786,0.8252,0.0962
2021-03-09,-0.23494,0.0398,0.8388,0.1212
2021-03-10,0.3651,0.2086,0.6842,0.1072
2021-03-11,0.26488,0.1454,0.7928,0.0618
2021-03-12,0.44426,0.226,0.774,0
2021-03-13,0.22876,0.0898,0.9102,0
2021-03-14,0.03256,0.0474,0.91,0.0428
2021-03-15,0.37154,0.1632,0.8098,0.027
2021-03-16,0.3217,0.2692,0.6916,0.0392
2021-03-17,0.20894,0.1026,0.8974,0
2021-03-18,0.16568,0.1516,0.7478,0.1006
2021-03-19,0.0263,0.0504,0.8762,0.0734
2021-03-20,0.1911,0.2458,0.6562,0.098
2021-03-21,0.01,0.077,0.8294,0.0936
2021-03-22,-0.0675,0.1052,0.742,0.1528
2021-03-23,-0.05,0.014,0.9612,0.0248
2021-03-24,0.2579,0.2024,0.7702,0.0274
2021-03-25,-0.34584,0.0142,0.8066,0.1792
2021-03-26,0.21004,0.1474,0.8088,0.0436
2021-03-27,-0.09204,0.0796,0.843,0.0772
2021-03-28,-0.03614,0.0432,0.9174,0.0394
2021-03-29,-0.06412,0.0988,0.8038,0.0974
2021-03-30,0.11288,0.114,0.7988,0.087
2021-03-31,0.03758,0.1884,0.6974,0.114
2021-04-01,-0.05884,0.0736,0.8702,0.0562
2021-04-02,0.39602,0.1914,0.777,0.0316
2021-04-03,0,0,1,0
2021-04-04,-0.0086,0.0392,0.9054,0.0554
2021-04-05,0.23966,0.1792,0.776,0.0448
2021-04-06,-0.14372,0.1088,0.7502,0.141
2021-04-07,0.20166,0.0906,0.9094,0
2021-04-08,0.14502,0.1468,0.8126,0.0406
2021-04-09,0,0.027,0.946,0.027
2021-04-10,-0.02154,0.0656,0.8438,0.0906
2021-04-11,0.17418,0.128,0.8518,0.0202
2021-04-12,0.28544,0.1638,0.8362,0
2021-04-13,0.00516,0.0294,0.9422,0.0284
2021-04-14,0.11438,0.0418,0.9582,0
2021-04-15,0,0,1,0
2021-04-16,0.39072,0.2674,0.7126,0.02
2021-04-17,0.05272,0.0732,0.8732,0.0536
2021-04-18,0.14348,0.0966,0.8616,0.0418
2021-04-19,0.00448,0.065,0.872,0.063
2021-04-20,0.17506,0.1742,0.7722,0.0536
2021-04-21,-0.068,0,0.9708,0.0292
2021-04-22,0.30914,0.1314,0.8686,0
2021-04-23,-0.05464,0.024,0.9354,0.0406
2021-04-24,0.12854,0.0856,0.9144,0
2021-04-25,-0.04552,0.1318,0.736,0.1322
2021-04-26,0.06916,0.0896,0.8876,0.0228
2021-04-27,-0.0888,0.0444,0.8934,0.0622
2021-04-28,0.2718,0.185,0.815,0
2021-04-29,-0.00392,0.0962,0.8424,0.0614
2021-04-30,-0.07224,0,0.9334,0.0666
2021-05-01,0.1431,0.0956,0.8734,0.031
2021-05-02,0.16066,0.0788,0.9212,0
2021-05-03,-0.02012,0.0484,0.8814,0.0704
2021-05-04,-0.214,0.0496,0.7768,0.1736
2021-05-05,-0.06302,0.0758,0.8522,0.072
2021-05-06,0.04656,0.1012,0.847,0.0518
2021-05-07,0.07128,0.04,0.9206,0.0394
2021-05-08,-0.03062,0.032,0.9026,0.0654
2021-05-09,0.01966,0.1048,0.7818,0.1132
2021-05-10,0.12916,0.1556,0.7454,0.099
2021-05-11,0.0762,0.0954,0.854,0.0506
2021-05-12,-0.06774,0.0412,0.8928,0.066
2021-05-13,-0.10818,0.115,0.7354,0.1494
2021-05-14,0.05508,0.186,0.6362,0.1776
2021-05-15,0.56872,0.3046,0.6954,0
2021-05-16,0.19142,0.1562,0.7942,0.0496
2021-05-17,0.11438,0.0874,0.8878,0.0248
2021-05-18,0.40232,0.2222,0.7158,0.062
2021-05-19,0.32984,0.171,0.829,0
2021-05-20,0.22142,0.1042,0.8718,0.0238
2021-05-21,0.29036,0.2048,0.7672,0.028
2021-05-22,0.17852,0.1298,0.8388,0.0314
2021-05-23,0.2573,0.1528,0.8134,0.0338
2021-05-24,0.1922,0.1854,0.6824,0.1322
2021-05-25,0.17462,0.24,0.649,0.1108
2021-05-26,0.33844,0.156,0.844,0
2021-05-27,-0.10924,0,0.9204,0.0796
2021-05-28,-0.1037,0.0452,0.8878,0.0672
2021-05-29,0.17358,0.0864,0.9136,0
2021-05-30,0.18226,0.1324,0.8486,0.0188
2021-05-31,0.30034,0.1598,0.7906,0.0494
2021-06-01,0.14272,0.1178,0.8822,0
2021-06-02,0.01408,0.1142,0.7916,0.0942
2021-06-03,0.33508,0.174,0.799,0.027
2021-06-04,0.17466,0.1042,0.8492,0.0468
2021-06-05,0.0065,0.047,0.9076,0.0454
2021-06-06,0.15936,0.1058,0.8564,0.0378
2021-06-07,0.2056,0.1544,0.8182,0.0274
2021-06-08,-0.05116,0.0408,0.8986,0.0604
2021-06-09,0.1724,0.1006,0.8994,0
2021-06-10,0.35214,0.3058,0.5962,0.098
2021-06-11,0.1419,0.1198,0.8018,0.0784
2021-06-12,0.18352,0.0652,0.9348,0
2021-06-13,0.11828,0.0706,0.9294,0
2021-06-14,0.13958,0.0776,0.9224,0
2021-06-15,-0.11988,0.0246,0.9016,0.0736
2021-06-16,-0.13816,0,0.9088,0.0912
2021-06-17,-0.13816,0,0.9474,0.0526
2021-06-18,0.33894,0.1694,0.783,0.0474
2021-06-19,0.21316,0.0882,0.9118,0
2021-06-20,0.28308,0.2014,0.736,0.0626
2021-06-21,0.21804,0.1106,0.856,0.0334
2021-06-22,0.68356,0.3478,0.6522,0
2021-06-23,-0.09516,0.1696,0.6428,0.1876
2021-06-24,0.42768,0.2258,0.7742,0
2021-06-25,0.20014,0.1276,0.8346,0.0378
2021-06-26,-0.13624,0.06,0.7792,0.1608
2021-06-27,-0.06428,0.0778,0.8222,0.1
2021-06-28,-0.21478,0.0432,0.8246,0.1322
2021-06-29,0.12324,0.0894,0.852,0.0586
2021-06-30,-0.03892,0.0742,0.8096,0.116
2021-07-01,0.1092,0.0904,0.8818,0.0278
2021-07-02,0.04584,0.0796,0.8574,0.063
2021-07-03,0.1359,0.127,0.7952,0.0778
2021-07-04,0.18716,0.1224,0.8502,0.0274
2021-07-05,0.04344,0.1138,0.819,0.0674
2021-07-06,0.10746,0.1224,0.8334,0.0442
2021-07-07,-0.19164,0.026,0.8728,0.1012
2021-07-08,0.20648,0.163,0.8086,0.0284
2021-07-09,-0.01544,0,0.9818,0.0182
2021-07-10,0.14728,0.0862,0.884,0.0298
2021-07-11,0.00566,0.0458,0.9258,0.0284
2021-07-12,-0.12908,0.0416,0.8308,0.1276
2021-07-13,0.2174,0.2208,0.687,0.0922
2021-07-14,0.20036,0.1382,0.8618,0
2021-07-15,0.21416,0.158,0.842,0
2021-07-16,0.03558,0.0244,0.9572,0.0184
2021-07-17,-0.08558,0.0332,0.8992,0.0678
2021-07-18,0.01882,0.0614,0.8522,0.0864
2021-07-19,0.16546,0.121,0.8514,0.0276
2021-07-20,0.1272,0.106,0.8624,0.0318
2021-07-21,0.01374,0.2394,0.631,0.1296
2021-07-22,-0.09446,0.0482,0.859,0.0928
2021-07-23,0.54928,0.3044,0.6956,0
2021-07-24,0.3212,0.1652,0.8348,0
2021-07-25,-0.0498,0.0768,0.857,0.0662
2021-07-26,0.58716,0.3124,0.6544,0.033
2021-07-27,0.16052,0.082,0.8792,0.0388
2021-07-28,0.01974,0.1282,0.7416,0.1302
2021-07-29,0.03478,0.127,0.7656,0.1076
2021-07-30,0.25298,0.1848,0.788,0.0272
2021-07-31,-0.08812,0.0344,0.8852,0.0804
2021-08-01,-0.1233,0.03,0.8184,0.1516
2021-08-02,-0.05662,0.014,0.9452,0.0408
2021-08-03,0.01952,0.023,0.9104,0.0666
2021-08-04,0.20396,0.1674,0.7728,0.0598
2021-08-05,0.01784,0.0558,0.8724,0.0718
2021-08-06,0.09154,0.113,0.817,0.07
2021-08-07,-0.0252,0.054,0.9028,0.0432
2021-08-08,0.11438,0.0748,0.9082,0.017
2021-08-09,0.2624,0.169,0.831,0
2021-08-10,0.15484,0.0732,0.9268,0
2021-08-11,0.08512,0.139,0.822,0.039
2021-08-12,-0.15682,0,0.9166,0.0834
2021-08-13,0.0583,0.1056,0.7996,0.0948
2021-08-14,-0.0698,0.0472,0.8376,0.1152
2021-08-15,0.34072,0.2378,0.72,0.0422
2021-08-16,0.08456,0.1308,0.779,0.0902
2021-08-17,0.37202,0.1508,0.8376,0.0118
2021-08-18,0.13906,0.1468,0.7216,0.1316
2021-08-19,0.1612,0.1364,0.79,0.0736
2021-08-20,0.16352,0.0618,0.9382,0
2021-08-21,-0.17102,0,0.9132,0.0868
2021-08-22,0.02532,0.0738,0.8448,0.0814
2021-08-23,-0.1637,0.0642,0.7688,0.167
2021-08-24,-0.26338,0.0232,0.814,0.1628
2021-08-25,0.068,0.1478,0.7018,0.1504
2021-08-26,-0.18642,0,0.8884,0.1116
2021-08-27,0.53094,0.2844,0.695,0.0206
2021-08-28,0.5267,0.3082,0.652,0.0396
2021-08-29,0.27294,0.145,0.8074,0.0476
2021-08-30,0.25238,0.1842,0.7022,0.1134
2021-08-31,0.18078,0.1626,0.7608,0.0764
2021-09-01,0.219,0.14,0.792,0.068
2021-09-02,0.15908,0.0944,0.8862,0.0194
2021-09-03,0.1237,0.0638,0.9168,0.0194
2021-09-04,0.28906,0.213,0.6958,0.0912
2021-09-05,0.20008,0.2018,0.6992,0.099
2021-09-06,0,0,1,0
2021-09-07,0.05074,0.0326,0.9392,0.0282
2021-09-08,0.37714,0.156,0.844,0
2021-09-09,0.10114,0.0974,0.8614,0.0412
2021-09-10,-0.11888,0.0794,0.791,0.1296
2021-09-11,-0.14448,0.0628,0.819,0.1182
2021-09-12,0.11438,0.0762,0.9238,0
2021-09-13,0.03968,0.0934,0.8306,0.0758
2021-09-14,-0.0626,0.1162,0.6866,0.197
2021-09-15,0.18958,0.1318,0.8204,0.0478
2021-09-16,0.29008,0.1772,0.7478,0.075
2021-09-17,0.11736,0.1244,0.799,0.0766
2021-09-18,0.12108,0.142,0.8256,0.0322
2021-09-19,0.40708,0.2248,0.7494,0.0258
2021-09-20,0.16934,0.148,0.8232,0.0288
2021-09-21,0.1201,0.0992,0.8362,0.0646
2021-09-22,-0.18242,0.0426,0.851,0.1064
2021-09-23,0.19188,0.1378,0.803,0.059
2021-09-24,0.13184,0.1576,0.743,0.099
2021-09-25,-0.11498,0.0378,0.7544,0.2078
2021-09-26,-0.01536,0.0896,0.7922,0.1182
2021-09-27,0.24348,0.1216,0.835,0.0432
2021-09-28,0.19434,0.17,0.7416,0.0884
2021-09-29,-0.02026,0.0778,0.8266,0.0956
2021-09-30,-0.38054,0,0.814,0.186
2021-10-01,0.10084,0.0646,0.902,0.0334
2021-10-02,-0.38782,0.0494,0.6598,0.2908
2021-10-03,0.00904,0.0418,0.9232,0.035
2021-10-04,-0.17526,0.1078,0.7688,0.1234
2021-10-05,-0.1152,0.036,0.8596,0.1044
2021-10-06,-0.39128,0.042,0.647,0.311
2021-10-07,-0.02822,0.159,0.6406,0.2004
2021-10-08,0.20206,0.1738,0.7866,0.0396
2021-10-09,-0.00816,0.0806,0.8718,0.0476
2021-10-10,-0.32086,0.052,0.746,0.202
2021-10-11,-0.06568,0.0636,0.8612,0.0752
2021-10-12,0.01544,0.028,0.972,0
2021-10-13,0.2684,0.1938,0.7434,0.063
2021-10-14,-0.18212,0.0436,0.8338,0.1226
2021-10-15,-0.09346,0.0468,0.8674,0.0858
2021-10-16,-0.08596,0.0474,0.846,0.1066
2021-10-17,0.17182,0.0956,0.8782,0.0262
2021-10-18,0.1628,0.0926,0.8652,0.0422
2021-10-19,0.08118,0.122,0.8012,0.0768
2021-10-20,-0.0592,0,0.9628,0.0372
2021-10-21,0.35664,0.2626,0.7074,0.03
2021-10-22,0.19518,0.1698,0.7762,0.054
2021-10-23,0.60732,0.3322,0.5804,0.0872
2021-10-24,-0.22904,0.0668,0.735,0.1984
2021-10-25,0.4048,0.226,0.722,0.052
2021-10-26,0.14228,0.1058,0.8284,0.0658
2021-10-27,0.29274,0.2006,0.7622,0.037
2021-10-28,0.0305,0.1118,0.7964,0.092
2021-10-29,0.16594,0.1272,0.844,0.0288
2021-10-30,-0.13762,0.1408,0.6442,0.2148
2021-10-31,0.01404,0.0424,0.9088,0.0488
2021-11-01,-0.12624,0.0432,0.873,0.0838
2021-11-02,0.17374,0.1052,0.8406,0.0542
2021-11-03,0.13482,0.0608,0.9146,0.0246
2021-11-04,-0.03808,0.0924,0.7192,0.1884
2021-11-05,0.36,0.145,0.8402,0.0148
2021-11-06,0.17514,0.187,0.7488,0.064
2021-11-07,0.27098,0.1818,0.7646,0.0536
2021-11-08,0.26978,0.1426,0.8164,0.0412
2021-11-09,-0.28446,0.0384,0.7726,0.189
2021-11-10,-0.07588,0.0518,0.8622,0.086
2021-11-11,0.09314,0.079,0.8942,0.0268
2021-11-12,-0.27542,0.0218,0.8502,0.128
2021-11-13,-0.1863,0,0.8922,0.1078
2021-11-14,-0.0986,0.075,0.8076,0.1174
2021-11-15,0.12128,0.1122,0.8164,0.0714
2021-11-16,-0.03002,0.082,0.8142,0.1036
2021-11-17,0.20796,0.143,0.7998,0.0572
2021-11-18,-0.18312,0.0482,0.7922,0.1596
2021-11-19,0.1041,0.0894,0.8532,0.0574
2021-11-20,0.3008,0.1578,0.8172,0.025
2021-11-21,0.38816,0.2314,0.7444,0.0242
2021-11-22,0.09292,0.0894,0.8566,0.054
2021-11-23,0.50194,0.2976,0.7024,0
2021-11-24,0.2935,0.1808,0.7588,0.0604
2021-11-25,0.31308,0.2092,0.7184,0.0724
2021-11-26,0.43318,0.2588,0.7044,0.037
2021-11-27,-0.11924,0.0888,0.7706,0.1404
2021-11-28,0.0954,0.1156,0.786,0.0984
2021-11-29,-0.10786,0.1062,0.7024,0.1914
2021-11-30,-0.11914,0.0342,0.8192,0.1466
2021-12-01,0.10164,0.1342,0.7814,0.0844
2021-12-02,-0.02568,0.0472,0.891,0.0618
2021-12-03,-0.05954,0.06,0.8526,0.0874
2021-12-04,-0.13972,0.0284,0.8404,0.131
2021-12-05,0.25406,0.186,0.7264,0.0874
2021-12-06,-0.01282,0.0732,0.8516,0.0752
2021-12-07,-0.00484,0.0676,0.8666,0.0658
2021-12-08,0.36048,0.1854,0.7778,0.0368
2021-12-09,0.1272,0.1014,0.8754,0.023
2021-12-10,0.27226,0.1488,0.8128,0.0384
2021-12-11,0.39244,0.1484,0.8348,0.0168
2021-12-12,0.1881,0.1704,0.7952,0.0344
2021-12-13,-0.1434,0.0346,0.878,0.0874
2021-12-14,-0.02574,0.0208,0.9468,0.0324
2021-12-15,0.0373,0.1088,0.7552,0.136
2021-12-16,0.23526,0.1208,0.8792,0
2021-12-17,0.22406,0.1548,0.7598,0.0854
2021-12-18,-0.15598,0.0164,0.8878,0.096
2021-12-19,0.39348,0.2266,0.74,0.0334
2021-12-20,0.03006,0.1048,0.8134,0.0818
2021-12-21,0.02044,0.0772,0.849,0.074
2021-12-22,0.32998,0.2124,0.757,0.0306
2021-12-23,0.1318,0.167,0.7592,0.0738
2021-12-24,0.12072,0.1122,0.7842,0.1038
2021-12-25,0.08862,0.0768,0.8828,0.0404
2021-12-26,0.1074,0.1162,0.8024,0.0814
2021-12-27,0.18978,0.1874,0.7532,0.0594
2021-12-28,-0.07412,0.076,0.7818,0.142
2021-12-29,-0.02326,0.1262,0.7844,0.0894
2021-12-30,0.04326,0.0578,0.9112,0.031
2021-12-31,0.09148,0.0918,0.8606,0.0476
2022-01-01,0.20812,0.1356,0.8644,0
2022-01-02,0.38392,0.1822,0.783,0.0346
2022-01-03,0.1883,0.1412,0.8264,0.0322
2022-01-04,0.03804,0.03,0.9478,0.0222
2022-01-05,0.23612,0.116,0.8586,0.0254
2022-01-06,0.24334,0.1304,0.8696,0
2022-01-07,-0.00174,0.0948,0.7276,0.1776
2022-01-08,0.1737,0.1498,0.8114,0.0388
2022-01-09,-0.1249,0.1514,0.5904,0.2582
2022-01-10,-0.00412,0.1004,0.7788,0.1208
2022-01-11,-0.1079,0.0968,0.7832,0.1202
2022-01-12,0.14728,0.1158,0.8216,0.0624
2022-01-13,0.58862,0.3216,0.6516,0.0268
2022-01-14,0.06252,0.107,0.8212,0.0718
2022-01-15,0.32766,0.196,0.7218,0.0822
2022-01-16,0.21392,0.202,0.715,0.083
2022-01-17,0.1913,0.2206,0.6564,0.1232
2022-01-18,-0.28138,0.032,0.639,0.329
2022-01-19,0.42924,0.2302,0.7698,0
2022-01-20,0.21416,0.1094,0.8906,0
2022-01-21,0.00506,0.0562,0.8414,0.1024
2022-01-22,0.03328,0.0934,0.8312,0.0754
2022-01-23,0.20472,0.1266,0.8522,0.0212
2022-01-24,0.09942,0.1452,0.7692,0.0856
2022-01-25,-0.41896,0,0.7102,0.2898
2022-01-26,-0.2068,0.054,0.7772,0.1688
2022-01-27,-0.16604,0.05,0.8346,0.1156
2022-01-28,-0.17258,0.0576,0.78,0.1624
2022-01-29,-0.00492,0.0608,0.8822,0.057
2022-01-30,-0.16334,0.0348,0.8492,0.116
2022-01-31,0.04162,0.0354,0.9244,0.0402
2022-02-01,-0.01642,0.09,0.8096,0.1004
2022-02-02,0.1718,0.1578,0.7622,0.08
2022-02-03,0.15806,0.1302,0.7534,0.1164
2022-02-04,0.25378,0.2306,0.7184,0.0512
2022-02-05,0.05848,0.0308,0.9692,0
2022-02-06,-0.00928,0.088,0.835,0.077
2022-02-07,-0.08668,0.0408,0.8926,0.0664
2022-02-08,0.10212,0.059,0.9096,0.0314
2022-02-09,0.07436,0.159,0.7294,0.1116
2022-02-10,0.10592,0.1152,0.8272,0.0576
2022-02-11,0.22868,0.1328,0.8424,0.0248
2022-02-12,0.00402,0.0306,0.9312,0.0382
2022-02-13,0.13896,0.1328,0.78,0.0872
2022-02-14,0.04666,0.1056,0.822,0.0724
2022-02-15,-0.31588,0.0666,0.6782,0.2552
2022-02-16,0.14442,0.1904,0.6546,0.1548
2022-02-17,0.18532,0.1514,0.7784,0.07
2022-02-18,-0.10212,0,0.9674,0.0326
2022-02-19,-0.25782,0.051,0.7662,0.1828
2022-02-20,-0.0509,0.0574,0.8556,0.087
2022-02-21,0.32662,0.2136,0.7472,0.0394
2022-02-22,-0.36088,0.0534,0.7364,0.2104
2022-02-23,-0.19212,0.0862,0.7064,0.2074
2022-02-24,-0.43508,0.0788,0.6582,0.2632
2022-02-25,-0.29588,0,0.8626,0.1374
2022-02-26,0.0187,0.0876,0.8644,0.048
2022-02-27,-0.17102,0.0506,0.8064,0.143
2022-02-28,-0.10092,0.0962,0.7726,0.1314
2022-03-01,-0.02304,0.0944,0.7608,0.1448
2022-03-02,-0.12926,0.0226,0.894,0.0832
2022-03-03,-0.05464,0,0.9754,0.0246
2022-03-04,-0.0321,0.0296,0.9186,0.0518
2022-03-05,-0.19942,0.093,0.665,0.2422
2022-03-06,-0.043,0.0644,0.854,0.0816
2022-03-07,0.24834,0.1696,0.8004,0.0302
2022-03-08,-0.10938,0.1052,0.7798,0.1152
2022-03-09,-0.15144,0.115,0.6814,0.2036
2022-03-10,0.07498,0.1102,0.8442,0.0456
2022-03-11,0.04656,0.0614,0.9066,0.032
2022-03-12,0.19282,0.1792,0.7386,0.082
2022-03-13,0.16504,0.1324,0.8016,0.0662
2022-03-14,-0.01042,0.0902,0.8338,0.076
2022-03-15,-0.01476,0.0726,0.8528,0.0746
2022-03-16,-0.21268,0.0832,0.782,0.1348
2022-03-17,0.09746,0.157,0.7694,0.0734
2022-03-18,0.54786,0.2764,0.6798,0.0436
2022-03-19,0.19074,0.103,0.897,0
2022-03-20,0.10324,0.1208,0.8286,0.0506
2022-03-21,0.16544,0.2618,0.6176,0.1206
2022-03-22,0.10628,0.0676,0.9106,0.022
2022-03-23,0.05686,0.0536,0.917,0.0294
2022-03-24,0.14,0.095,0.905,0
2022-03-25,0.04628,0.0638,0.8872,0.049
2022-03-26,0.1803,0.1456,0.8148,0.0396
2022-03-27,0.24476,0.1202,0.8798,0
2022-03-28,0.60332,0.4168,0.5832,0
2022-03-29,0.06578,0.0552,0.8912,0.0536
2022-03-30,-0.10166,0.028,0.8636,0.1082
2022-03-31,-0.01312,0.0614,0.8962,0.0424
2022-04-01,-0.06488,0.055,0.8974,0.0476
2022-04-02,0.06032,0.0532,0.885,0.0618
2022-04-03,-0.18352,0.0766,0.7832,0.1402
2022-04-04,-0.15446,0.0552,0.8518,0.093
2022-04-05,0.05762,0.153,0.7054,0.1416
2022-04-06,0.29344,0.1658,0.8342,0
2022-04-07,0.00792,0.1722,0.6644,0.1634
2022-04-08,-0.21066,0.0976,0.7084,0.1942
2022-04-09,-0.02652,0.0564,0.8588,0.0846
2022-04-10,0.09106,0.1534,0.6874,0.1592
2022-04-11,0.33116,0.196,0.7644,0.0396
2022-04-12,0.19508,0.1842,0.7246,0.0912
2022-04-13,0.08628,0.097,0.839,0.064
2022-04-14,0.24416,0.1336,0.798,0.0684
2022-04-15,-0.05086,0.05,0.8904,0.0596
2022-04-16,0.02026,0.1048,0.8218,0.0734
2022-04-17,0.14728,0.062,0.938,0
2022-04-18,0.02476,0.0844,0.876,0.0396
2022-04-19,0.29054,0.1352,0.8648,0
2022-04-20,-0.04742,0.1132,0.813,0.0738
2022-04-21,-0.0548,0.1034,0.8056,0.091
2022-04-22,0.07094,0.0748,0.8804,0.0448
2022-04-23,0,0,1,0
2022-04-24,-0.01872,0.135,0.7548,0.1102
2022-04-25,0.26808,0.1926,0.7238,0.0834
2022-04-26,-0.13514,0.031,0.8716,0.0972
2022-04-27,-0.04136,0.078,0.7838,0.1382
2022-04-28,-0.17908,0.0388,0.8484,0.113
2022-04-29,0.44546,0.2256,0.7288,0.0456
2022-04-30,0.2082,0.1424,0.8174,0.0402
2022-05-01,0.31676,0.253,0.6456,0.1014
2022-05-02,0.23186,0.1902,0.7198,0.09
2022-05-03,0.22002,0.1516,0.8116,0.037
2022-05-04,0.07738,0.0828,0.862,0.0552
2022-05-05,0.25976,0.1586,0.8414,0
2022-05-06,0.32486,0.2468,0.7116,0.0416
2022-05-07,-0.32194,0,0.7438,0.2562
2022-05-08,0.04882,0.1842,0.6886,0.127
2022-05-09,-0.09524,0.09,0.7386,0.1714
2022-05-10,-0.24444,0.0428,0.7124,0.2448
2022-05-11,-0.37884,0.0192,0.7454,0.2354
2022-05-12,0.12566,0.1088,0.8234,0.0678
2022-05-13,0.04292,0.1726,0.6808,0.1466
2022-05-14,-0.07636,0,0.9704,0.0296
2022-05-15,0.06488,0.1804,0.698,0.1214
2022-05-16,-0.09572,0.0972,0.7568,0.1462
2022-05-17,-0.19334,0.0842,0.7626,0.153
2022-05-18,0.16446,0.1266,0.8378,0.0354
2022-05-19,0.19966,0.145,0.7416,0.1134
2022-05-20,-0.3096,0.0626,0.708,0.2294
2022-05-21,-0.01036,0.06,0.8968,0.0432
2022-05-22,-0.00156,0.0386,0.8942,0.0672
2022-05-23,0.2151,0.1188,0.8428,0.0384
2022-05-24,0.15806,0.0876,0.883,0.0294
2022-05-25,-0.0055,0.0376,0.8918,0.0706
2022-05-26,-0.11542,0.0312,0.8746,0.0942
2022-05-27,0.30486,0.1932,0.7812,0.0256
2022-05-28,0.11222,0.12,0.795,0.0852
2022-05-29,-0.13144,0.0228,0.8924,0.0848
2022-05-30,0.23418,0.1864,0.7904,0.0232
2022-05-31,0.04556,0.0614,0.903,0.0356
2022-06-01,0.04418,0.0928,0.8722,0.035
2022-06-02,0.20874,0.153,0.807,0.04
2022-06-03,0.22556,0.131,0.7962,0.0728
2022-06-04,0.18918,0.1702,0.7544,0.0754
2022-06-05,0.40114,0.254,0.7004,0.0456
2022-06-06,0.10146,0.1336,0.783,0.0834
2022-06-07,-0.0834,0.0334,0.899,0.0676
2022-06-08,0.12012,0.1132,0.8112,0.0756
2022-06-09,0.0416,0.1042,0.7662,0.1298
2022-06-10,0.26978,0.1244,0.8572,0.0184
2022-06-11,-0.35492,0.0588,0.6904,0.2508
2022-06-12,-0.0588,0.1074,0.7382,0.1544
2022-06-13,0.10676,0.0756,0.9012,0.0232
2022-06-14,-0.06668,0.0666,0.8396,0.0938
2022-06-15,-0.35226,0,0.7922,0.2078
2022-06-16,-0.1091,0.1014,0.7486,0.1502
2022-06-17,0.03234,0.1204,0.7638,0.1158
2022-06-18,-0.3556,0.0395,0.76475,0.19575
2022-06-19,0.08912,0.1558,0.6946,0.1496
2022-06-20,-0.29952,0.0214,0.7066,0.272
2022-06-21,-0.16262,0.05,0.7584,0.1916
2022-06-22,-0.05104,0.0652,0.8744,0.0604
2022-06-23,-0.10364,0.114,0.6152,0.271
2022-06-24,-0.12896,0.0782,0.8002,0.1214
2022-06-25,0.35054,0.1948,0.7774,0.0278
2022-06-26,-0.07684,0.0612,0.816,0.1228
2022-06-27,0.07076,0.1216,0.8042,0.0742
2022-06-28,0.3588,0.2076,0.7576,0.0348
2022-06-29,0.18724,0.13,0.825,0.045
2022-06-30,-0.041,0.0984,0.8014,0.1002
2022-07-01,-0.0914,0.1152,0.7536,0.1312
2022-07-02,-0.0184,0.0324,0.9324,0.0352
2022-07-03,0.00206,0.0826,0.8348,0.0828
2022-07-04,0.06578,0.0564,0.918,0.0256
2022-07-05,-0.14414,0.064,0.807,0.129
2022-07-06,0.16508,0.1974,0.6806,0.1222
2022-07-07,0.27104,0.2214,0.705,0.0738
2022-07-08,0.23672,0.1458,0.8224,0.0316
2022-07-09,-0.06674,0.0846,0.7596,0.1558
2022-07-10,-0.3925,0.096,0.6644,0.2396
2022-07-11,0.20728,0.1654,0.7704,0.0644
2022-07-12,0.04844,0.0716,0.881,0.0474
2022-07-13,-0.06096,0.1246,0.7052,0.1704
2022-07-14,0.41988,0.2006,0.7994,0
2022-07-15,0.42856,0.2656,0.7188,0.0156
2022-07-16,0.27524,0.1426,0.8384,0.019
2022-07-17,0.10306,0.1156,0.7714,0.113
2022-07-18,0.03848,0.0944,0.8688,0.0368
2022-07-19,-0.1812,0,0.8992,0.1008
2022-07-20,0.06048,0.1762,0.7026,0.1212
2022-07-21,-0.01854,0.1066,0.7368,0.1568
2022-07-22,0.35974,0.2744,0.6,0.1256
2022-07-23,0.21752,0.1428,0.8126,0.0446
2022-07-24,0.1832,0.0984,0.8784,0.0232
2022-07-25,0.12316,0.136,0.8084,0.0556
2022-07-26,0.16586,0.1664,0.7252,0.1084
2022-07-27,0.14624,0.0846,0.896,0.0194
2022-07-28,0.32162,0.1668,0.8144,0.0188
2022-07-29,0.1747,0.1566,0.7158,0.1276
2022-07-30,0.11874,0.083,0.8796,0.0374
2022-07-31,-0.0251,0.1402,0.762,0.0978
2022-08-01,0.20156,0.1842,0.7102,0.1056
2022-08-02,0.19654,0.126,0.8442,0.0298
2022-08-03,0.30008,0.2156,0.7366,0.0478
2022-08-04,0.31194,0.1554,0.8446,0
2022-08-05,0.13616,0.0846,0.8934,0.022
2022-08-06,0.1576,0.147,0.7764,0.0762
2022-08-07,0.28198,0.1568,0.8058,0.0372
2022-08-08,-0.00388,0.1198,0.7662,0.114
2022-08-09,0.41058,0.2156,0.7474,0.037
2022-08-10,0.08472,0.0886,0.8328,0.0786
2022-08-11,0.17876,0.0716,0.9034,0.025
2022-08-12,0.07276,0.129,0.7674,0.1036
2022-08-13,0.33014,0.1702,0.8202,0.0096
2022-08-14,-0.55228,0,0.7444,0.2556
2022-08-15,0.00918,0.2076,0.617,0.1756
2022-08-16,0.25644,0.1596,0.7864,0.054
2022-08-17,0.25762,0.1272,0.8728,0
2022-08-18,0.18134,0.1314,0.8432,0.0254
2022-08-19,-0.20374,0.0312,0.7838,0.185
2022-08-20,-0.09346,0.0514,0.8044,0.1442
2022-08-21,0.16526,0.1286,0.7996,0.0716
2022-08-22,0.13958,0.1128,0.8416,0.0456
2022-08-23,0.23532,0.1208,0.8286,0.0506
2022-08-24,-0.09898,0.0334,0.899,0.0676
2022-08-25,0.09858,0.0672,0.915,0.0178
2022-08-26,0.04448,0.1534,0.703,0.1436
2022-08-27,0.10846,0.0514,0.9486,0
2022-08-28,-0.14702,0.1082,0.7584,0.133
2022-08-29,0.41806,0.2496,0.702,0.0484
2022-08-30,-0.08198,0.0858,0.729,0.1852
2022-08-31,-0.11714,0.0296,0.8558,0.1146
2022-09-01,0.18982,0.1446,0.8194,0.0362
2022-09-02,-0.10092,0,0.9348,0.0652
2022-09-03,0.41158,0.2278,0.699,0.0728
2022-09-04,0.1719,0.089,0.911,0
2022-09-05,-0.03622,0.0582,0.871,0.0706
2022-09-06,-0.13364,0.082,0.738,0.18
2022-09-07,0.17904,0.212,0.7392,0.0488
2022-09-08,-0.13334,0.0312,0.9016,0.0672
2022-09-09,0.00924,0.08,0.8424,0.0776
2022-09-10,-0.07582,0.0306,0.8416,0.1278
2022-09-11,0.2904,0.1774,0.7774,0.0454
2022-09-12,-0.0487,0.0506,0.8618,0.0876
2022-09-13,0.01492,0.095,0.8306,0.0744
2022-09-14,-0.00516,0.0372,0.9242,0.0386
2022-09-15,0.07262,0.169,0.6346,0.1964
2022-09-16,0.11988,0.1012,0.8628,0.0362
2022-09-17,0.0615,0.0978,0.7534,0.1488
2022-09-18,0.3247,0.1312,0.8688,0
2022-09-19,-0.17344,0.0428,0.8306,0.1266
2022-09-20,0.3792,0.2314,0.7376,0.031
2022-09-21,0.315,0.1938,0.7806,0.0256
2022-09-22,0.2736,0.1896,0.7578,0.0526
2022-09-23,-0.29098,0,0.8042,0.1958
2022-09-24,-0.03466,0.067,0.7866,0.1464
2022-09-25,-0.00752,0.1062,0.7706,0.1234
2022-09-26,0.46756,0.2178,0.7626,0.0196
2022-09-27,0.01008,0.12,0.7824,0.0976
2022-09-28,-0.32942,0,0.7838,0.2162
2022-09-29,-0.46392,0,0.786,0.214
2022-09-30,-0.17182,0.0234,0.8536,0.123
2022-10-01,-0.18902,0.1082,0.7238,0.168
2022-10-02,0.24724,0.1368,0.8058,0.0574
2022-10-03,0.13026,0.158,0.7692,0.0728
2022-10-04,0.11932,0.1776,0.7186,0.104
2022-10-05,0.32164,0.1894,0.7662,0.0444
2022-10-06,0.1705,0.1394,0.8078,0.0528
2022-10-07,0.11288,0.0938,0.8478,0.0584
2022-10-08,0.28696,0.2876,0.652,0.0604
2022-10-09,0.02978,0.1414,0.7362,0.122
2022-10-10,0.08144,0.1014,0.8748,0.0238
2022-10-11,0.16404,0.1564,0.7802,0.0634
2022-10-12,-0.0712,0.1062,0.7386,0.1552
2022-10-13,0.41948,0.2102,0.7898,0
2022-10-14,-0.35616,0.0696,0.6368,0.2938
2022-10-15,0.045,0.077,0.858,0.0652
2022-10-16,-0.05708,0.0306,0.8944,0.075
2022-10-17,-0.18518,0.0462,0.8166,0.1372
2022-10-18,-0.02542,0.0462,0.8998,0.054
2022-10-19,-0.119,0.034,0.8362,0.1298
2022-10-20,0.05172,0.1172,0.8018,0.081
2022-10-21,0.07972,0.075,0.8788,0.0464
2022-10-22,0.18836,0.1404,0.8056,0.054
2022-10-23,-0.15262,0.019,0.9052,0.076
2022-10-24,-0.02306,0.1322,0.6702,0.1976
2022-10-25,-0.04786,0.0824,0.802,0.1154
2022-10-26,-0.01606,0.0886,0.8256,0.0858
2022-10-27,0.04926,0.0494,0.9172,0.0334
2022-10-28,0.36212,0.1846,0.8154,0
2022-10-29,0.01226,0.0854,0.8198,0.0948
2022-10-30,-0.07762,0.1014,0.7724,0.1262
2022-10-31,-0.32658,0.0796,0.659,0.2614
2022-11-01,0.2596,0.2112,0.7198,0.069
2022-11-02,0.10774,0.1054,0.8686,0.026
2022-11-03,0.00104,0.0846,0.8326,0.0828
2022-11-04,0.27862,0.1792,0.7926,0.0282
2022-11-05,0.20124,0.1024,0.8976,0
2022-11-06,0.12986,0.1576,0.7866,0.0558
2022-11-07,0.05786,0.092,0.8602,0.0478
2022-11-08,0.10212,0.0796,0.9204,0
2022-11-09,0.39568,0.2058,0.7942,0
2022-11-10,0.13324,0.1144,0.8064,0.0792
2022-11-11,0.06432,0.1012,0.8592,0.0396
2022-11-12,0.17708,0.111,0.8706,0.0184
2022-11-13,0.24388,0.1958,0.77,0.0342
2022-11-14,0.37592,0.169,0.831,0
2022-11-15,0.00964,0.1558,0.6852,0.159
2022-11-16,0.25716,0.1596,0.8136,0.0268
2022-11-17,-0.03578,0.0534,0.873,0.0736
2022-11-18,0.187,0.1342,0.8102,0.0556
2022-11-19,0.324,0.2376,0.7224,0.04
2022-11-20,-0.10656,0.0722,0.764,0.1638
2022-11-21,0.22958,0.1572,0.7972,0.0456
2022-11-22,0.24802,0.1142,0.8858,0
2022-11-23,0.10366,0.0854,0.861,0.0538
2022-11-24,-0.0545,0.1176,0.7364,0.146
2022-11-25,-0.13714,0.114,0.7208,0.1652
2022-11-26,0.26536,0.1024,0.8868,0.0108
2022-11-27,-0.00284,0.0698,0.8486,0.0816
2022-11-28,0.1802,0.1196,0.861,0.0194
2022-11-29,0.39854,0.234,0.713,0.0528
2022-11-30,0.01228,0.1172,0.8084,0.0744
2022-12-01,0.03024,0.135,0.7518,0.1132
2022-12-02,0.38462,0.1584,0.8416,0
2022-12-03,0.17372,0.1486,0.8076,0.0438
2022-12-04,0.00238,0.0666,0.8802,0.0532
2022-12-05,0.20618,0.1886,0.7452,0.0662
2022-12-06,-0.09818,0.0292,0.8958,0.075
2022-12-07,0.01968,0.0916,0.7896,0.1188
2022-12-08,0.0788,0.1034,0.8314,0.0652
2022-12-09,-0.02258,0.0964,0.7912,0.1122
2022-12-10,0.18642,0.0752,0.9026,0.0222
2022-12-11,0.34616,0.2068,0.7636,0.0296
2022-12-12,0.16968,0.1058,0.8942,0
2022-12-13,0.21256,0.1654,0.7674,0.0672
2022-12-14,0.16886,0.1458,0.7554,0.0986
2022-12-15,0.16312,0.1058,0.837,0.0572
2022-12-16,0.03834,0.0524,0.9152,0.0324
2022-12-17,0.15064,0.1158,0.843,0.0412
2022-12-18,0.212,0.1362,0.8226,0.0412
2022-12-19,0.10108,0.06,0.9174,0.0226
2022-12-20,0.12224,0.232,0.6746,0.0934
2022-12-21,0.10326,0.0794,0.8612,0.0594
2022-12-22,0.4486,0.1674,0.8326,0
2022-12-23,0.3806,0.205,0.7168,0.0784
2022-12-24,0.3585,0.1504,0.8496,0
2022-12-25,0.16302,0.17,0.7706,0.0594
2022-12-26,-0.38326,0.0368,0.7634,0.1998
2022-12-27,0.2747,0.1364,0.829,0.0346
2022-12-28,0.19912,0.1086,0.8754,0.016
2022-12-29,-0.16848,0.0256,0.7874,0.187
2022-12-30,-0.31868,0.0222,0.7478,0.23
2022-12-31,-0.0564,0.0778,0.8176,0.1048
2023-01-01,0.16804,0.0692,0.9308,0
2023-01-02,0.044,0.0798,0.8446,0.0756
2023-01-03,-0.10272,0.0144,0.9504,0.0352
2023-01-04,0.15478,0.138,0.8198,0.0422
2023-01-05,0.11312,0.0744,0.9012,0.0244
2023-01-06,0.11368,0.0546,0.9454,0
2023-01-07,0.1572,0.0884,0.8842,0.0274
2023-01-08,0.02224,0.0792,0.8376,0.0832
2023-01-09,0.04636,0.1226,0.7924,0.085
2023-01-10,0.0337,0.0888,0.8752,0.036
2023-01-11,0.29728,0.151,0.849,0
2023-01-12,-0.118,0,0.9222,0.0778
2023-01-13,0.14638,0.1136,0.8208,0.0656
2023-01-14,0.15964,0.1022,0.8978,0
2023-01-15,0.1338,0.1376,0.781,0.0812
2023-01-16,0.47898,0.2192,0.7404,0.0406
2023-01-17,0.02064,0.0514,0.8996,0.049
2023-01-18,0.14894,0.1496,0.774,0.0764
2023-01-19,0.21102,0.1396,0.7712,0.089
2023-01-20,0.23574,0.2214,0.7412,0.0374
2023-01-21,0.05984,0.061,0.899,0.04
2023-01-22,-0.2637,0.0778,0.7446,0.1776
2023-01-23,0.18114,0.1056,0.873,0.0214
2023-01-24,0.1421,0.078,0.8876,0.0344
2023-01-25,-0.07784,0.1014,0.7568,0.142
2023-01-26,0.15814,0.1284,0.8322,0.0394
2023-01-27,0.03312,0.0866,0.8762,0.0374
2023-01-28,0.19834,0.1414,0.8012,0.0574
2023-01-29,-0.0464,0.0546,0.881,0.0644
2023-01-30,0.04258,0.0762,0.8666,0.0572
2023-01-31,0.23474,0.165,0.7856,0.0494
2023-02-01,0.00474,0.0514,0.9108,0.0378
2023-02-02,0.16252,0.0632,0.9368,0
2023-02-03,0.15594,0.1818,0.7546,0.0636
2023-02-04,0.33154,0.169,0.831,0
2023-02-05,0.18084,0.1556,0.7704,0.074
2023-02-06,0.1079,0.0944,0.8514,0.0542
2023-02-07,0.26496,0.1774,0.7804,0.0424
2023-02-08,0.09004,0.1414,0.7274,0.1314
2023-02-09,0.2613,0.1636,0.773,0.0636
2023-02-10,0.26606,0.195,0.755,0.05
2023-02-11,0.17064,0.0994,0.8502,0.0504
2023-02-12,-0.05042,0.0188,0.941,0.0402
2023-02-13,0.24674,0.1456,0.8106,0.0438
2023-02-14,0.21542,0.1408,0.8002,0.059
2023-02-15,0.30458,0.1972,0.7754,0.0274
2023-02-16,0.38452,0.212,0.7352,0.0528
2023-02-17,0.1902,0.1362,0.8638,0
2023-02-18,0.15702,0.1136,0.8428,0.0436
2023-02-19,-0.05114,0.0448,0.8976,0.0576
2023-02-20,0.28868,0.1768,0.7828,0.0404
2023-02-21,-0.07556,0.1262,0.6662,0.2076
2023-02-22,0.25652,0.1082,0.8728,0.019
2023-02-23,0.24874,0.1336,0.8226,0.0438
2023-02-24,0.3762,0.1946,0.7472,0.0584
2023-02-25,0.22876,0.1164,0.8836,0
2023-02-26,0.27862,0.1002,0.8524,0.0476
2023-02-27,-0.2208,0.0298,0.8646,0.1056
2023-02-28,-0.19348,0.0598,0.828,0.1122
2023-03-01,0.5394,0.3196,0.6162,0.0644
2023-03-02,0.35706,0.2194,0.7806,0
2023-03-03,0.3798,0.1508,0.8322,0.017
2023-03-04,0.22876,0.0868,0.9132,0
2023-03-05,-0.07342,0.0734,0.8218,0.1048
2023-03-06,-0.01942,0.092,0.7582,0.1498
2023-03-07,0.06114,0.0334,0.946,0.0206
2023-03-08,0.49866,0.2102,0.7898,0
2023-03-09,-0.02168,0.1354,0.7164,0.148
2023-03-10,0.31128,0.1366,0.8436,0.0198
2023-03-11,-0.27346,0.0406,0.796,0.1634
2023-03-12,0.07638,0.0928,0.8464,0.061
2023-03-13,-0.38046,0,0.792,0.208
2023-03-14,-0.06886,0.0992,0.7586,0.1422
2023-03-15,-0.17514,0.0424,0.7926,0.1652
2023-03-16,0.08386,0.0906,0.8532,0.0562
2023-03-17,-0.02402,0.0498,0.882,0.0684
2023-03-18,-0.13918,0.0794,0.7712,0.1494
2023-03-19,0.16252,0.0504,0.9496,0
2023-03-20,0.1491,0.1584,0.7448,0.0968
2023-03-21,0.03372,0.207,0.6726,0.1204
2023-03-22,0.17208,0.164,0.774,0.0618
2023-03-23,0.52916,0.3052,0.6604,0.0344
2023-03-24,0.42586,0.1928,0.7812,0.026
2023-03-25,0.01816,0.0994,0.786,0.1146
2023-03-26,-0.04566,0.1196,0.7098,0.1706
2023-03-27,-0.1247,0.0344,0.8716,0.0942
2023-03-28,0.03702,0.1192,0.7864,0.0944
2023-03-29,0.23486,0.139,0.8232,0.0378
2023-03-30,-0.47524,0,0.8118,0.1882
2023-03-31,-0.06352,0.0956,0.776,0.1284
2023-04-01,0.04334,0.0626,0.8616,0.0758
2023-04-02,0.22502,0.0906,0.8794,0.03
2023-04-03,0.0252,0.105,0.8146,0.0806
2023-04-04,-0.32958,0.0554,0.7548,0.1898
2023-04-05,0.0791,0.168,0.7216,0.1104
2023-04-06,0.13902,0.0686,0.9066,0.0248
2023-04-07,0.28004,0.1754,0.8246,0
2023-04-08,0.09026,0.1042,0.8452,0.0506
2023-04-09,0.05982,0.1484,0.7108,0.1408
2023-04-10,0.36258,0.2046,0.7278,0.0676
2023-04-11,0.11988,0.0788,0.9212,0
2023-04-12,-0.03494,0.014,0.9604,0.0256
2023-04-13,-0.0821,0.0324,0.8546,0.113
2023-04-14,0.15846,0.0932,0.9068,0
2023-04-15,0.434,0.2708,0.7062,0.023
2023-04-16,0.1037,0.0852,0.8578,0.0568
2023-04-17,0.10174,0.123,0.8516,0.0254
2023-04-18,0.04088,0.105,0.7886,0.1064
2023-04-19,-0.06938,0.0518,0.833,0.1152
2023-04-20,0.05464,0.0518,0.9118,0.0364
2023-04-21,0.08928,0.0782,0.892,0.0298
2023-04-22,0.0166,0.1078,0.777,0.115
2023-04-23,0.04542,0.0682,0.8876,0.0442
2023-04-24,0.00456,0.1226,0.7838,0.0936
2023-04-25,-0.12232,0.092,0.769,0.139
2023-04-26,-0.33858,0.0644,0.6378,0.2978
2023-04-27,-0.2423,0.0738,0.689,0.2372
2023-04-28,-0.23646,0.0132,0.8746,0.1122
2023-04-29,-0.15188,0.0408,0.8742,0.085
2023-04-30,0.11308,0.115,0.8276,0.0574
2023-05-01,-0.255,0.0372,0.7962,0.1666
2023-05-02,0.1092,0.0826,0.8856,0.0318
2023-05-03,-0.06376,0.119,0.7826,0.0982
2023-05-04,-0.04044,0.0536,0.8846,0.0616
2023-05-05,0.35164,0.196,0.7322,0.072
2023-05-06,0.24836,0.2418,0.7262,0.032
2023-05-07,0.35358,0.1802,0.776,0.044
2023-05-08,-0.37202,0.0448,0.712,0.2432
2023-05-09,-0.19916,0,0.8858,0.1142
2023-05-10,0.04848,0.1672,0.7534,0.0794
2023-05-11,-0.0154,0.0386,0.937,0.0244
2023-05-12,0.08804,0.1268,0.8122,0.0612
2023-05-13,-0.32174,0,0.7868,0.2132
2023-05-14,0.0592,0.031,0.969,0
2023-05-15,-0.26804,0.0308,0.7638,0.2054
2023-05-16,0.16796,0.1522,0.7836,0.0642
2023-05-17,-0.14216,0.11,0.7024,0.1876
2023-05-18,0.13906,0.1198,0.8284,0.0518
2023-05-19,-0.09534,0.0478,0.86,0.0922
2023-05-20,0.109,0.094,0.8806,0.0254
2023-05-21,-0.04824,0.1018,0.8014,0.0966
2023-05-22,0.31322,0.2326,0.6642,0.1034
2023-05-23,0.23182,0.1272,0.7716,0.1012
2023-05-24,0.21584,0.104,0.8812,0.0148
2023-05-25,-0.06106,0.0264,0.9146,0.059
2023-05-26,0.23984,0.2194,0.6526,0.1282
2023-05-27,0.08684,0.1356,0.793,0.0712
2023-05-28,0.12132,0.125,0.7748,0.1002
2023-05-29,-0.2063,0.0334,0.8112,0.1554
2023-05-30,0.19624,0.1666,0.762,0.0714
2023-05-31,0.1127,0.0576,0.9424,0
2023-06-01,0.4143,0.2462,0.7538,0
2023-06-02,-0.0253,0.126,0.7986,0.0754
2023-06-03,0.05066,0.1108,0.8226,0.0664
2023-06-04,0.3195,0.147,0.821,0.032
2023-06-05,-0.06176,0.0468,0.884,0.0692
2023-06-06,0.22814,0.198,0.75,0.052
2023-06-07,-0.10552,0.0304,0.8974,0.0722
2023-06-08,-0.09438,0.0824,0.8062,0.1114
2023-06-09,0.0929,0.0924,0.8486,0.0592
2023-06-10,0.05186,0.097,0.8716,0.0314
2023-06-11,0.2876,0.2916,0.6246,0.0838
2023-06-12,0.11364,0.1016,0.86,0.0384
2023-06-13,0.266,0.1978,0.734,0.068
2023-06-14,-0.05876,0.102,0.768,0.13
2023-06-15,-0.16252,0.04,0.8182,0.1418
2023-06-16,-0.1486,0.0604,0.8318,0.1078
2023-06-17,-0.11828,0.0304,0.8796,0.0902
2023-06-18,-0.40034,0.0248,0.7936,0.1816
2023-06-19,0.27952,0.1836,0.7406,0.0758
2023-06-20,0.0903,0.121,0.7766,0.1024
2023-06-21,-0.12426,0.095,0.8054,0.0996
2023-06-22,0.0288,0.075,0.8806,0.0444
2023-06-23,0.13382,0.1852,0.7854,0.0294
2023-06-24,0.18504,0.0856,0.9144,0
2023-06-25,0.18404,0.1394,0.829,0.0316
2023-06-26,0.25988,0.0908,0.9092,0
2023-06-27,0.0108,0.0632,0.8952,0.0416
2023-06-28,-0.06498,0.0612,0.8676,0.0712
2023-06-29,-0.10534,0,0.9346,0.0654
2023-06-30,-0.09534,0,0.9488,0.0512
2023-07-01,-0.01058,0.0534,0.872,0.0746
2023-07-02,-0.16208,0.0312,0.8374,0.1312
2023-07-03,0.27754,0.1322,0.8482,0.0198
2023-07-04,0.03008,0.0898,0.8404,0.0698
2023-07-05,0.3005,0.1532,0.8228,0.024
2023-07-06,-0.0075,0.0752,0.8238,0.101
2023-07-07,0.0554,0.1158,0.8078,0.0764
2023-07-08,0.00602,0.091,0.7918,0.1172
2023-07-09,-0.08498,0.0924,0.7802,0.1272
2023-07-10,-0.20508,0.0844,0.7406,0.175
2023-07-11,0.27876,0.148,0.852,0
2023-07-12,0.20972,0.1036,0.8964,0
2023-07-13,0.24718,0.209,0.7428,0.0482
2023-07-14,0.31966,0.1864,0.7828,0.0308
2023-07-15,0.09476,0.09,0.864,0.046
2023-07-16,-0.0747,0.0976,0.8182,0.0842
2023-07-17,0.17272,0.1448,0.8276,0.0274
2023-07-18,0.1244,0.1372,0.8054,0.0576
2023-07-19,0.10402,0.1256,0.8264,0.048
2023-07-20,-0.10534,0.0956,0.787,0.1174
2023-07-21,-0.0189,0.0656,0.873,0.0614
2023-07-22,0.12248,0.0434,0.9566,0
2023-07-23,0.07974,0.061,0.9156,0.0234
2023-07-24,0.32608,0.1462,0.8538,0
2023-07-25,0.36838,0.199,0.7618,0.039
2023-07-26,0.29594,0.1722,0.7562,0.0716
2023-07-27,-0.27356,0.0712,0.7528,0.176
2023-07-28,0.21568,0.2016,0.683,0.1154
2023-07-29,0.0322,0.0596,0.8882,0.0522
2023-07-30,0.01288,0.1046,0.7694,0.1262
2023-07-31,0.16332,0.1654,0.7732,0.0616
2023-08-01,0.02756,0.086,0.8752,0.0388
2023-08-02,-0.0455,0.0428,0.9238,0.0334
2023-08-03,0.38804,0.1888,0.7952,0.016
2023-08-04,0.02628,0.0996,0.7774,0.123
2023-08-05,0.1085,0.1188,0.8268,0.0544
2023-08-06,0.04638,0.0358,0.9254,0.0388
2023-08-07,-0.09736,0.0682,0.7918,0.14
2023-08-08,0.2329,0.1228,0.744,0.133
2023-08-09,0.13922,0.1104,0.8188,0.0708
2023-08-10,0.0464,0.1244,0.7916,0.0838
2023-08-11,0.28612,0.1478,0.8328,0.0194
2023-08-12,0.06656,0.1662,0.6952,0.1386
2023-08-13,-0.11438,0.0604,0.8386,0.1012
2023-08-14,0.14938,0.0844,0.846,0.0698
2023-08-15,0.39352,0.1646,0.8164,0.019
2023-08-16,-0.25396,0.0328,0.8292,0.138
2023-08-17,0.25182,0.1418,0.8582,0
2023-08-18,0.08372,0.1194,0.7998,0.0808
2023-08-19,-0.11384,0,0.9068,0.0932
2023-08-20,-0.19756,0.0456,0.8292,0.1252
2023-08-21,-0.09824,0.075,0.7868,0.1382
2023-08-22,-0.02604,0.1308,0.7498,0.1194
2023-08-23,0.11036,0.1182,0.805,0.0768
2023-08-24,0.22442,0.2088,0.762,0.0292
2023-08-25,0.36538,0.2096,0.7904,0
2023-08-26,0.19562,0.1902,0.6816,0.1282
2023-08-27,0.30594,0.1262,0.8586,0.0152
2023-08-28,-0.28508,0.0206,0.8,0.1794
2023-08-29,0.42224,0.2518,0.7482,0
2023-08-30,0.13704,0.1152,0.826,0.0588
2023-08-31,0.27432,0.1572,0.8428,0
2023-09-01,0.21138,0.102,0.898,0
2023-09-02,0.15814,0.1238,0.8296,0.0466
2023-09-03,0.17704,0.1048,0.8636,0.0316
2023-09-04,0.05838,0.0758,0.8362,0.088
2023-09-05,0.26694,0.1748,0.7958,0.0294
2023-09-06,0.05848,0.0606,0.9122,0.0272
2023-09-07,-0.13392,0.0886,0.7908,0.1206
2023-09-08,0.07,0.1406,0.7412,0.1182
2023-09-09,-0.07452,0.0656,0.8258,0.1086
2023-09-10,0.02454,0.067,0.883,0.0498
2023-09-11,0.1705,0.0986,0.8544,0.047
2023-09-12,0.09274,0.0922,0.8818,0.026
2023-09-13,0.47672,0.3066,0.6934,0
2023-09-14,0.00594,0.081,0.776,0.1428
2023-09-15,0.16956,0.1086,0.8624,0.029
2023-09-16,0.3943,0.26,0.6644,0.0756
2023-09-17,-0.24106,0.0626,0.765,0.1724
2023-09-18,-0.12342,0.0288,0.8546,0.1166
2023-09-19,-0.1946,0.1106,0.7182,0.1714
2023-09-20,0.4316,0.198,0.7848,0.0172
2023-09-21,0.07852,0.1112,0.816,0.0728
2023-09-22,0.35324,0.155,0.845,0
2023-09-23,0.07974,0.0518,0.9482,0
2023-09-24,-0.0812,0.119,0.774,0.107
2023-09-25,0.3318,0.1652,0.7776,0.0574
2023-09-26,-0.17916,0,0.8768,0.1232
2023-09-27,0.19134,0.115,0.849,0.036
2023-09-28,0.08808,0.045,0.955,0
2023-09-29,0.3543,0.1668,0.8332,0
2023-09-30,-0.0925,0.0578,0.7886,0.1536
2023-10-01,0.10524,0.1468,0.8184,0.0348
2023-10-02,0.09632,0.0618,0.9104,0.0278
2023-10-03,0.2152,0.159,0.7564,0.0846
2023-10-04,-0.11338,0.102,0.7336,0.1642
2023-10-05,0.0223,0.1264,0.7208,0.153
2023-10-06,0.34698,0.1786,0.7548,0.0666
2023-10-07,-0.31902,0.045,0.7944,0.1606
2023-10-08,0.0727,0.0692,0.8796,0.0512
2023-10-09,0.03392,0.0952,0.8214,0.0834
2023-10-10,-0.22884,0.0308,0.801,0.1682
2023-10-11,-0.20108,0.045,0.803,0.152
2023-10-12,0.31958,0.2366,0.7634,0
2023-10-13,0.08998,0.1476,0.7968,0.0556
2023-10-14,-0.05628,0.0254,0.8608,0.1138
2023-10-15,-0.33182,0.0316,0.7434,0.2248
2023-10-16,0.13492,0.0836,0.9164,0
2023-10-17,-0.2576,0.0412,0.784,0.1748
2023-10-18,-0.14702,0,0.9354,0.0646
2023-10-19,-0.31898,0.0308,0.7646,0.2046
2023-10-20,-0.25094,0.104,0.718,0.1778
2023-10-21,-0.00092,0.0688,0.8428,0.0884
2023-10-22,-0.01922,0.1604,0.7004,0.1392
2023-10-23,-0.16638,0.1358,0.7072,0.1568
2023-10-24,-0.29652,0.122,0.6234,0.2544
2023-10-25,0.18492,0.2374,0.6824,0.0802
2023-10-26,0.06326,0.0572,0.8984,0.0444
2023-10-27,-0.26892,0.1304,0.5858,0.2838
2023-10-28,-0.02466,0.1762,0.635,0.1888
2023-10-29,-0.07136,0.073,0.8368,0.0902
2023-10-30,0.10366,0.1268,0.779,0.0942
2023-10-31,-0.33,0.0676,0.7284,0.2038
2023-11-01,-0.21358,0,0.8292,0.1708
2023-11-02,0.30734,0.148,0.852,0
2023-11-03,0.1263,0.0824,0.879,0.0388
2023-11-04,-0.10228,0.0272,0.9044,0.0684
2023-11-05,0.09302,0.0518,0.9292,0.019
2023-11-06,-0.4028,0.0372,0.7468,0.2162
2023-11-07,-0.27916,0.105,0.7154,0.1796
2023-11-08,-0.39944,0.0598,0.7696,0.1706
2023-11-09,0.13192,0.1704,0.7042,0.1254
2023-11-10,-0.03086,0.1314,0.7586,0.11
2023-11-11,-0.24248,0.0382,0.827,0.1348
2023-11-12,-0.12514,0.0624,0.8222,0.115
2023-11-13,-0.1821,0.1022,0.727,0.1708
2023-11-14,-0.05064,0.097,0.7622,0.1408
2023-11-15,0.30128,0.2246,0.7238,0.0516
2023-11-16,0.191,0.177,0.7426,0.0804
2023-11-17,0.03288,0.1194,0.789,0.0914
2023-11-18,-0.09534,0,0.9526,0.0474
2023-11-19,-0.07298,0.15,0.6964,0.1536
2023-11-20,0.05012,0.0956,0.7916,0.1128
2023-11-21,-0.12854,0.0526,0.817,0.1308
2023-11-22,0.25976,0.1472,0.8194,0.0334
2023-11-23,0.11464,0.114,0.804,0.0818
2023-11-24,-0.02286,0.0496,0.8726,0.0778
2023-11-25,0.19092,0.1866,0.7264,0.087
2023-11-26,0.13082,0.1556,0.7488,0.0956
2023-11-27,-0.11384,0.0154,0.9296,0.055
2023-11-28,0.17332,0.184,0.7468,0.0694
2023-11-29,0.31124,0.1346,0.8654,0
2023-11-30,-0.0331,0.0734,0.8496,0.0772
2023-12-01,0.48014,0.207,0.793,0
2023-12-02,0.2433,0.2102,0.7084,0.0814
2023-12-03,0.05586,0.1032,0.788,0.1088
2023-12-04,0.0607,0.0558,0.8984,0.046
2023-12-05,0.39428,0.2472,0.6914,0.0614
2023-12-06,0.25054,0.164,0.7656,0.0704
2023-12-07,0.33988,0.2164,0.7512,0.0324
2023-12-08,0.21914,0.209,0.7192,0.0718
2023-12-09,0.00974,0.0342,0.9142,0.0516
2023-12-10,0.16068,0.1182,0.8122,0.0698
2023-12-11,0.03456,0.0816,0.8472,0.0712
2023-12-12,0.01972,0.0776,0.8792,0.0432
2023-12-13,0.13274,0.0764,0.9016,0.0218
2023-12-14,0.15976,0.0914,0.9086,0
2023-12-15,0.10596,0.103,0.8178,0.0792
2023-12-16,0.40736,0.1962,0.7818,0.022
2023-12-17,0.06492,0.0802,0.8634,0.056
2023-12-18,-0.04286,0.103,0.7786,0.1184
2023-12-19,0.19256,0.1264,0.838,0.0356
2023-12-20,0.25714,0.164,0.8062,0.0298
2023-12-21,0.18408,0.117,0.832,0.051
2023-12-22,0.24946,0.1708,0.7208,0.1084
2023-12-23,0.02088,0.0952,0.7994,0.1054
2023-12-24,0.19858,0.0838,0.9162,0
2023-12-25,0.3078,0.175,0.8028,0.0222
2023-12-26,0.2021,0.1424,0.7702,0.0874
2023-12-27,-0.105,0.0364,0.819,0.1446
2023-12-28,0.02044,0.0608,0.9056,0.0336
2023-12-29,-0.15884,0.0384,0.815,0.1468
2023-12-30,0.01226,0.1192,0.795,0.0858
2023-12-31,-0.00512,0.0422,0.9152,0.0426
2024-01-01,-0.04748,0.0518,0.8558,0.0924
2024-01-02,0.26848,0.1528,0.8472,0
2024-01-03,0.01584,0.0344,0.9424,0.0232
2024-01-04,0.16322,0.1118,0.8568,0.0314
2024-01-05,0.00512,0.1138,0.7912,0.095
2024-01-06,0.07636,0.0788,0.9212,0
2024-01-07,0.30086,0.2128,0.7166,0.0706
2024-01-08,0.21064,0.1534,0.735,0.1116
2024-01-09,-0.0771,0.0946,0.8058,0.0996
2024-01-10,-0.11714,0.0308,0.861,0.1082
2024-01-11,0.10846,0.0764,0.887,0.0366
2024-01-12,0.07972,0.0818,0.8848,0.0334
2024-01-13,-0.12458,0.0956,0.813,0.0914
2024-01-14,-0.00406,0.0374,0.8838,0.0788
2024-01-15,0,0,1,0
2024-01-16,-0.00516,0.0284,0.9344,0.0372
2024-01-17,-0.09858,0.097,0.7642,0.1388
2024-01-18,-0.29774,0.055,0.7194,0.2256
2024-01-19,-0.07652,0.0574,0.8604,0.0822
2024-01-20,0.48312,0.2966,0.7034,0
2024-01-21,0.2294,0.1244,0.8426,0.033
2024-01-22,-0.19558,0,0.8998,0.1002
2024-01-23,0.27516,0.1608,0.7926,0.0466
2024-01-24,0.11156,0.0914,0.8436,0.065
2024-01-25,0.09272,0.0956,0.8424,0.062
2024-01-26,-0.25236,0,0.8522,0.1478
2024-01-27,-0.14328,0.0584,0.8558,0.0858
2024-01-28,-0.04526,0,0.9776,0.0224
2024-01-29,0.4277,0.1904,0.787,0.0226
2024-01-30,0.16678,0.1182,0.8534,0.0284
2024-01-31,0.10116,0.1644,0.7422,0.0934
2024-02-01,-0.31522,0,0.779,0.221
2024-02-02,0.2155,0.176,0.7686,0.0552
2024-02-03,0,0,1,0
2024-02-04,0.05704,0.1174,0.8308,0.0518
2024-02-05,-0.01902,0.0832,0.8286,0.0884
2024-02-06,-0.06768,0.049,0.8752,0.0758
2024-02-07,-0.1076,0.1396,0.7316,0.1288
2024-02-08,0.04214,0.1254,0.7034,0.171
2024-02-09,0.25252,0.133,0.8372,0.0298
2024-02-10,-0.02216,0.1012,0.8002,0.0984
2024-02-11,0.24528,0.1662,0.8036,0.0302
2024-02-12,0.49648,0.252,0.731,0.0168
2024-02-13,0.57958,0.2688,0.6544,0.0768
2024-02-14,0.27118,0.2198,0.6692,0.111
2024-02-15,0.13258,0.0794,0.894,0.0266
2024-02-16,0.28834,0.1746,0.8254,0
2024-02-17,0.05382,0.0466,0.8942,0.0592
2024-02-18,0.0951,0.1042,0.8632,0.0326
2024-02-19,-0.12324,0.055,0.7928,0.1522
2024-02-20,0.20824,0.1376,0.8182,0.0442
2024-02-21,0.44206,0.2324,0.7266,0.041
2024-02-22,0.21682,0.0986,0.9014,0
2024-02-23,0.35782,0.1888,0.8112,0
2024-02-24,0.44352,0.2208,0.7404,0.0388
2024-02-25,0.49322,0.2398,0.7602,0
2024-02-26,0.63472,0.3526,0.6474,0
2024-02-27,0.06422,0.2048,0.642,0.153
2024-02-28,0.11466,0.159,0.6738,0.1672
2024-02-29,0.136,0.0676,0.9324,0
2024-03-01,0.35802,0.2276,0.7212,0.0512
2024-03-02,0.03718,0.0798,0.8378,0.0824
2024-03-03,0.28298,0.2086,0.7474,0.044
2024-03-04,0.15976,0.0548,0.9452,0
2024-03-05,0.03322,0.049,0.9014,0.0496
2024-03-06,0.14846,0.1064,0.8392,0.0542
2024-03-07,0.53558,0.3052,0.6754,0.0194
2024-03-08,0.43498,0.2448,0.716,0.0392
2024-03-09,0.22058,0.1464,0.7756,0.0778
2024-03-10,0.01014,0.1152,0.7802,0.105
2024-03-11,0,0,1,0
2024-03-12,0.1004,0.1158,0.826,0.0582
2024-03-13,0,0,1,0
2024-03-14,0.26646,0.1762,0.7648,0.059
2024-03-15,0.04442,0.039,0.932,0.029
2024-03-16,0.23664,0.1638,0.8074,0.0288
2024-03-17,-0.06582,0.0268,0.9286,0.0446
2024-03-18,0.09494,0.0858,0.8796,0.0348
2024-03-19,0.1118,0.0814,0.8908,0.0278
2024-03-20,0.14986,0.141,0.8052,0.0536
2024-03-21,-0.10318,0.0882,0.774,0.1378
2024-03-22,0.38552,0.2342,0.7062,0.0598
2024-03-23,0.35164,0.1542,0.8458,0
2024-03-24,-0.01206,0.0394,0.9068,0.0538
2024-03-25,0.1377,0.103,0.8278,0.0692
2024-03-26,0.1812,0.1422,0.7792,0.0786
2024-03-27,0.2588,0.1164,0.8836,0
2024-03-28,-0.05062,0.0182,0.9114,0.0704
2024-03-29,0.19524,0.1472,0.7628,0.09
2024-03-30,0.21968,0.2,0.7024,0.0978
2024-03-31,0.24686,0.1614,0.7894,0.049
2024-04-01,0.14442,0.104,0.8744,0.0216
2024-04-02,0.22802,0.1154,0.8846,0
2024-04-03,-0.06118,0,0.9536,0.0464
2024-04-04,0.47728,0.2354,0.7486,0.0158
2024-04-05,0.37068,0.2624,0.7138,0.0238
2024-04-06,0.35256,0.1992,0.7426,0.0582
2024-04-07,0.11874,0.1122,0.8556,0.0322
2024-04-08,0.03146,0.0594,0.8486,0.092
2024-04-09,0.19086,0.0906,0.8634,0.046
2024-04-10,-0.00454,0.0586,0.8492,0.0922
2024-04-11,0.1016,0.196,0.6408,0.1632
2024-04-12,-0.32128,0.105,0.6366,0.2582
2024-04-13,0.21926,0.1186,0.8302,0.051
2024-04-14,0.2855,0.1568,0.824,0.0192
2024-04-15,-0.09958,0.1728,0.6488,0.1784
2024-04-16,0.07354,0.1514,0.7372,0.1112
2024-04-17,-0.10168,0.098,0.756,0.146
2024-04-18,0.146,0.1416,0.786,0.0722
2024-04-19,0.55488,0.2014,0.7986,0
2024-04-20,-0.27986,0,0.8488,0.1512
2024-04-21,0.17196,0.2072,0.712,0.0806
2024-04-22,-0.16678,0,0.92,0.08
2024-04-23,0.0629,0.101,0.8066,0.0924
2024-04-24,-0.11112,0.098,0.7154,0.1864
2024-04-25,0.3451,0.1724,0.8276,0
2024-04-26,0.15304,0.175,0.775,0.05
2024-04-27,-0.1845,0.0218,0.896,0.0824
2024-04-28,-0.12962,0.041,0.8612,0.0978
2024-04-29,-0.0154,0.0522,0.8932,0.0546
2024-04-30,0.36746,0.1942,0.7588,0.0468
2024-05-01,-0.26324,0.0394,0.8376,0.123
2024-05-02,0.23536,0.1264,0.832,0.0416
2024-05-03,-0.07292,0.1144,0.6924,0.1932
2024-05-04,0.10996,0.1634,0.7984,0.0382
2024-05-05,0.24764,0.178,0.7736,0.0484
2024-05-06,0.22054,0.1592,0.7652,0.0756
2024-05-07,0.05724,0.1202,0.798,0.0816
2024-05-08,-0.09362,0.0398,0.877,0.0832
2024-05-09,0.49828,0.2908,0.6864,0.0228
2024-05-10,0.3245,0.217,0.7142,0.0688
2024-05-11,0.29746,0.1802,0.7904,0.0294
2024-05-12,0.39656,0.245,0.6984,0.0568
2024-05-13,0.14202,0.1704,0.7266,0.103
2024-05-14,0.0226,0.1024,0.7888,0.1088
2024-05-15,0.52942,0.2932,0.7068,0
2024-05-16,0.25584,0.125,0.875,0
2024-05-17,0.35522,0.1622,0.7996,0.038
2024-05-18,0.04078,0.0306,0.9478,0.0216
2024-05-19,0.03078,0.0484,0.9006,0.051
2024-05-20,-0.03898,0.1056,0.8172,0.0772
2024-05-21,0.4498,0.2652,0.7348,0
2024-05-22,0.16514,0.1052,0.837,0.0576
2024-05-23,0.26994,0.1286,0.8714,0
2024-05-24,-0.00464,0.1142,0.7954,0.0904
2024-05-25,-0.06166,0.1148,0.7776,0.1076
2024-05-26,0.31724,0.1976,0.7552,0.0472
2024-05-27,0.11988,0.058,0.942,0
2024-05-28,0.08808,0.0734,0.9266,0
2024-05-29,0,0,1,0
2024-05-30,-0.00752,0.0252,0.9236,0.0512
2024-05-31,0.21832,0.1512,0.8164,0.0324
2024-06-01,0.4492,0.2478,0.7522,0
2024-06-02,0.2878,0.1688,0.7646,0.0666
2024-06-03,-0.04304,0.0508,0.8526,0.0966
2024-06-04,-0.03792,0.0256,0.926,0.0484
2024-06-05,0.17204,0.1264,0.8514,0.0222
2024-06-06,-0.2816,0.0544,0.708,0.2376
2024-06-07,0.09606,0.1418,0.7348,0.1234
2024-06-08,-0.14258,0.0238,0.9218,0.0546
2024-06-09,-0.26164,0,0.8856,0.1144
2024-06-10,0.33066,0.1746,0.8084,0.017
2024-06-11,0.24834,0.1404,0.8596,0
2024-06-12,0.10846,0.0706,0.907,0.0224
2024-06-13,0.40844,0.1956,0.8044,0
2024-06-14,0.36202,0.258,0.6632,0.0788
2024-06-15,0.22366,0.126,0.874,0
2024-06-16,0.13092,0.091,0.8798,0.0294
2024-06-17,0.21086,0.1172,0.7788,0.1038
2024-06-18,0.05492,0.0986,0.8074,0.094
2024-06-19,0.16848,0.1196,0.8804,0
2024-06-20,0.21634,0.1608,0.7896,0.0496
2024-06-21,0.08106,0.08,0.8828,0.0372
2024-06-22,0.0702,0.1534,0.7004,0.1462
2024-06-23,0.47564,0.2078,0.7922,0
2024-06-24,0.43698,0.2014,0.7986,0
2024-06-25,0.00972,0.1162,0.7934,0.0904
2024-06-26,0.2596,0.1412,0.8588,0
2024-06-27,0.33934,0.1672,0.8328,0
2024-06-28,0.1933,0.1802,0.8198,0
2024-06-29,0.23494,0.14,0.8002,0.0598
